sub,class,date,year ,name,type,tonnage,loc_1,loc_2,assessemnt
albacore,gato,1944-01-12,1944,choko_maru,ex-gunboat,2629,3-30N,147-27E,sunk
albacore,gato,1943-11-25,1943,kenzan_maru,cargo,4705,0-51N,145-56E,sunk
albacore,gato,1943-09-04,1943,heijo_maru,ex-gunboat,2627,5-32N,156-23E,sunk
amberjack,gato,1942-10-07,1942,senkai_maru,passenger-cargo,2095,1-55N,153-42E,sunk
amberjack,gato,1942-09-19,1942,shirogane_maru,pessenger-cargo,3130,6-33S,156-05E,sunk
angler,gato,1944-01-29,1944,shuko_maru,ex-net_tender,889,23-07N,142-27E,sunk
angler,gato,1944-05-20,1944,otori_maru,cargo,2105,5-40S,105-27E,sunk
angler,gato,1944-10-14,1944,nanrei_maru,transport,2407,11-53N,121-39E,sunk
apogon,balao,1943-12-04,1943,daido_maru,ex-gunboat,2962,8-15N,159-06E,sunk
apogon,balao,1945-06-18,1945,hakuai_maru,transport,2614,50-30N,155-01E,sunk
apogon,balao,1944-09-27,1944,hachirogata_maru,cargo,1999,46-32N,146-48E,sunk
aspro,balao,1944-07-28,1944,peking_maru,transport,2288,17-33N,120-21E,sunk
aspro,balao,1944-05-15,1944,jokuja_maru,cargo,6440,10-10N,131-25E,sunk
aspro,balao,1944-10-02,1944,azuchisan_maru,cargo,6888,18-25N,120-32E,sunk
aspro,balao,1944-10-07,1944,macassar_maru,passenger-cargo,4026,17-54N,119-57E,sunk
aspro,balao,1944-05-14,1944,bisan_maru,cargo,4500,9-00N,133-34E,Sunk
atule,balao,1945-01-24,1945,taiman_maru_no_1,cargo,6888,36-47N,123-59E,sunk
atule,balao,1944-11-01,1944,asama_maru,transport,16975,20-09N,117-38E,sunk
atule,balao,1944-11-25,1944,santos_maru,cargo,7266,20-12N,121-51E,sunk
balao,balao,1944-02-28,1944,akiura_maru,passenger-cargo,6803,00-06N,132-53E,sunk
balao,balao,1944-02-23,1944,nikki_maru,passenger-cargo,5857,7S,135-42E,sunk
balao,balao,1944-02-28,1944,shoho_maru,cargo,2723,6N,132-53E,sunk
balao,balao,1945-01-08,1945,daigo_maru,cargo,5244,34-28N,122-39E,sunk
balao,balao,1945-03-19,1945,hakozaki_maru,transport,10413,33-09N,122-08E,sunk
balao,balao,1945-03-26,1945,shinto_maru_no_1,cargo,880,35-14N,123-44E,sunk
bang,balao,1944-04-30,1944,nittatsu_maru,cargo,2859,19-11N,119-10E,sunk
bang,balao,1944-04-29,1944,takegawa_maru,cargo,1930,19-26N,118-45E,sunk
bang,balao,1944-05-04,1944,kinrei_maru,cargo,5947,20-58N,117-59E,sunk
bang,balao,1944-11-23,1944,amakusa_maru,passenger-cargo,2340,24-24N,122-45E,
bang,balao,1944-11-23,1944,sakae_maru,cargo,2878,24-12N,122-53E,sunk
bang,balao,1944-09-09,1944,shoryu_maru,cargo,1916,28-53N,137-42E,sunk
bang,balao,1944-09-09,1944,tokiwasan_maru,cargo,1804,28-53N,137-42E,sunk
bang,balao,1944-09-19,1944,tosei_maru_no_2,tanker,507,24-56N,122-14E,sunk
barb,gato,1944-08-31,1944,okuni_maru,cargo,5633,21-14N,121-22E,sunk
barb,gato,1945-01-08,1945,anyo_maru,passenger-cargo,9256,24-54N,120-26E,sunk
barb,gato,1945-01-08,1945,sanyo_maru,tanker,2854,24-54N,120-26E,sunk
barb,gato,1945-01-08,1945,shinyo_maru,cargo,5892,24-31N,120-28E,sunk
barb,gato,1945-01-23,1945,taikyo_maru,cargo,5244,27-04N,120-27E,sunk
barb,gato,1945-07-05,1945,sapporo_maru_no_11,cargo,2820,46-04N,142-14E,sunk
barb,gato,1944-06-11,1944,chihaya_maru,cargo,1161,46-58N,143-50E,sunk
barb,gato,1944-06-13,1944,takashima_maru,passenger-cargo,5633,50-47N,151-20E,sunk
barb,gato,1944-06-11,1944,toten_maru,cargo,3823,46-58N,143-50E,sunk
barb,gato,1944-03-28,1944,fukusei_maru,cargo,2219,24-25N,131-11E,sunk
barb,gato,1944-05-31,1944,koto_maru,cargo,1053,47-52N,151-02E,sunk
barb,gato,1944-05-31,1944,madras_maru,passenger-cargo,3802,48-21N,151-19E,sunk
barb,gato,1944-11-10,1944,gokoku_maru,ex-light_cruiser,10438,33-23N,129-03E,sunk
barb,gato,1944-11-12,1944,naruo_maru,cargo,4823,31-29N,125-19E,sunk
barb,gato,1945-01-08,1945,hikoshima_maru,tanker,2854,24-37N,120-30E,Sunk
barbel,balao,1944-08-09,1944,boko_maru,cargo,2333,27-52N,128-49E,sunk
barbel,balao,1944-08-05,1944,miyako_maru,passenger-cargo,970,27-36N,128-54E,sunk
barbel,balao,1944-08-09,1944,yagi_maru,cargo,1937,27-52N,128-49E,sunk
barbel,balao,1944-11-14,1944,misaki_maru,cargo,4422,15-14N,112-13E,sunk
barbel,balao,1944-11-14,1944,sugiyama_maru,cargo,4379,15-14N,112-13E,sunk
barbel,balao,1944-09-25,1944,bushu_maru,cargo,1222,29-50N,130-06E,sunk
barbero,balao,1944-12-25,1944,junpo_maru,cargo,4277,1-10N,108-20E,sunk
barbero,balao,1944-11-02,1944,kuramasan_maru,cargo,1995,4-30S,118-20E,sunk
barbero,balao,1944-11-08,1944,shimotsu_maru,tanker,2854,14-01N,117-17E,sunk
bashaw,gato,1944-06-25,1944,yamamiya_maru,cargo,6440,3-36N,127-14E,sunk
bashaw,gato,1945-03-05,1945,ryoei_maru,tanker,10016,16-46N,108-41E,sunk
bashaw,gato,1944-09-08,1944,yanagigawa_maru,cargo,2813,8-14N,121-47E,sunk
batfish,balao,1944-01-20,1944,hidaka_maru,cargo,5486,31-28N,134-52E,sunk
batfish,balao,1944-06-22,1944,nagaragawa_maru,passenger-cargo,990,34-35N,137-56E,sunk
baya,balao,1945-03-21,1945,kainan_maru,ex-submarine_chaser,524,11-55N,109-18E,sunk
baya,balao,1945-03-04,1945,palembang_maru,tanker,5236,12-52N,109-30E,sunk
baya,balao,1945-05-13,1945,yosei_maru,tanker,2500,6-31S,111-19E,sunk
baya,balao,1944-10-07,1944,kinugasa_maru,passenger-cargo,8407,14-30N,115-48E,Sunk
becuna,balao,1945-02-22,1945,nichiyoku_maru,tanker,1945,11-28N,109-06E,sunk
becuna,balao,1944-10-09,1944,tokuwa_maru,cargo,1943,12-46N,118-02E,Sunk
bergall,balao,1944-10-27,1944,nippo_maru,tanker,10528,7-09N,116-40E,sunk
bergall,balao,1944-10-13,1944,shinshu_maru,cargo,4182,11-52N,109-20E,sunk
besugo,balao,1945-01-06,1945,nichiei_maru,tanker,10020,6-57N,102-57E,sunk
billfish,,1945-08-05,1945,kori_maru,cargo,1091,38-51N,121-39E,sunk
billfish,,1945-06-04,1945,taiu_maru,cargo,2220,38-32N,124-45E,sunk
billfish,,1945-05-26,1945,kotobuki_maru_no_7,cargo,991,33-18N,129-20E,sunk
blackfin,,1944-11-01,1944,unkai_maru_no_12,cargo,2745,12-54N,120-10E,sunk
blackfish,,1944-01-16,1944,kaika_maru,cargo,2087,4-03N,148-41E,sunk
blenny,,1944-12-23,1944,kenzui_maru,cargo,4156,16-50N,120-18E,sunk
blenny,,1945-02-26,1945,amato_maru,tanker,10238,11-57N,109-18E,sunk
blenny,,1945-03-20,1945,hosen_maru,cargo,1039,11-17N,108-55E,sunk
blenny,,1945-03-20,1945,nanshin_maru_no_21,tanker,834,11-17N,108-55E,sunk
blenny,,1945-03-20,1945,yamakuni_maru,cargo,500,11-17N,108-55E,sunk
blenny,,1945-05-30,1945,hokoku_maru,cargo,520,4-09S,114-16E,sunk
blueback,,1943-09-28,1943,akashi_maru,cargo,3227,6-11S,126-00E,sunk
bluefish,,1943-12-30,1943,ichiyu_maru,tanker,5061,2-45S,109-10E,sunk
bluefish,,1944-01-04,1944,hakko_maru,tanker,6046,7-10N,108-25E,sunk
bluefish,,1944-06-21,1944,kanan_maru,cargo,3312,4-04S,116-45E,sunk
bluefish,,1944-06-16,1944,nanshin_maru,passenger-cargo,1422,2-28N,118-09E,sunk
bluefish,,1944-03-04,1944,ominesan_maru,tanker,10536,5-32N,109-09E,sunk
bluefish,,1943-11-08,1943,kyokuei_maru,tanker,10570,16-44N,116-22E,sunk
bluefish,,1944-08-12,1944,shimpo_maru,tanker,5135,13-17N,120-07E,Sunk
bluegill,,1944-08-13,1944,kojun_maru,cargo,1931,6-17N,126-09E,sunk
bluegill,,1944-08-07,1944,sanju_maru,cargo,4642,6-04N,124-22E,sunk
bluegill,,1945-03-28,1945,honan_maru,tanker,5542,12-39N,109-27E,sunk
bluegill,,1944-05-01,1944,asosan_maru,cargo,8812,7-07N,129-56E,sunk
bluegill,,1944-05-20,1944,miyaura_maru,cargo,1856,2-14N,128-00E,sunk
bluegill,,1944-10-18,1944,arabia_maru,transport,9480,14-06N,119-40E,sunk
bluegill,,1944-10-18,1944,chinzei_maru,cargo,1999,14-06N,119-40E,sunk
bluegill,,1944-10-18,1944,hakushika_maru,passenger-cargo,8150,14-06N,119-40E,sunk
boarfish,,1945-01-31,1945,enki_maru,cargo,6968,14-55N,109-01E,sunk
boarfish,,1943-10-10,1943,teibi_maru,transport,10086,14-44N,110-19E,sunk
boarfish,,1943-09-27,1943,kashima_maru,transport,9908,10-14N,109-45E,sunk
bonefish,,1944-04-26,1944,tokiwa_maru,passenger-cargo,806,6-12N,125-47E,sunk
bonefish,,1943-12-01,1943,nichiryo_maru,passenger-cargo,2721,1-31N,120-51E,sunk
bonefish,,1944-07-30,1944,kokuyo_maru,tanker,10026,6-03N,119-54E,sunk
bonefish,,1945-06-19,1945,konzan_maru,passenger-cargo,5488,37-13N,137-18E,sunk
bonefish,,1945-06-13,1945,oshikayama_maru,cargo,6892,38-30N,136-58E,sunk
bonefish,,1943-11-29,1943,suez_maru,cargo,4646,6-22S,116-35E,sunk
bonefish,,1944-10-14,1944,fushimi_maru,cargo,2542,16-12N,119-45E,sunk
bonefish,,1944-09-28,1944,anjo_maru,tanker,2068,13-16N,120-08E,sunk
bowfin,,1944-08-22,1944,tsushima_maru,passenger-cargo,6754,29-32N,129-31E,sunk
bowfin,,1944-01-17,1944,shoyu_maru,cargo,4408,18N,118-37E,sunk
bowfin,,1945-06-13,1945,akiura_maru,cargo,887,39-13N,128-07E,sunk
bowfin,,1945-06-11,1945,shinyo_maru_no_3,passenger-cargo,1898,39-23N,128-59E,sunk
bowfin,,1944-03-24,1944,bengal_maru,cargo,5399,5-27N,125-38E,sunk
bowfin,,1944-03-24,1944,shinkyo_maru,cargo,5139,5-27N,125-38E,sunk
bowfin,,1944-03-10,1944,tsukikawa_maru,cargo,4470,1-30S,128-17E,sunk
bowfin,,1945-05-01,1945,chowa_maru,passenger-cargo,2719,41-06N,144-28E,sunk
bowfin,,1945-05-08,1945,daito_maru_no_3,cargo,880,39-37N,142-07E,sunk
bowfin,,1943-11-26,1943,ogurasan_maru,tanker,5069,12-48N,109-34E,sunk
bowfin,,1943-11-28,1943,sydney_maru,passenger-cargo,5425,12-46N,109-42E,sunk
bowfin,,1943-11-26,1943,tainan_maru,cargo,5407,13-02N,109-28E,sunk
bowfin,,1943-11-28,1943,tonan_maru,tanker,9866,12-46N,109-42E,sunk
bowfin,,1943-09-25,1943,kirishima_maru,passenger-cargo,8120,9-44N,111-56E,sunk
bowfin,,1944-05-14,1944,bisan_maru,cargo,4500,9-00N,133-34E,Sunk
bream,,1945-04-29,1945,teishu_maru,ex-submarine_tender,1230,4-11S,111-17E,sunk
bream,,1944-06-16,1944,yuki_maru,cargo,5704,2-19N,128-40E,sunk
bream,,1944-11-04,1944,kagu_maru,passenger-cargo,10021,15-54N,119-45E,Sunk
bumper,,1945-07-20,1945,kyoei_maru_no_3,tanker,1189,8-08N,103-40E,sunk
cabezon,,1945-06-19,1945,zaosan_maru,cargo,2631,50-39N,154-38E,sunk
cabrilla,,1944-01-04,1944,tamon_maru_no_8,cargo,2705,11-05N,109-10E,sunk
cabrilla,,1944-07-17,1944,maya_maru,passenger-cargo,3145,7-40N,122-03E,sunk
cabrilla,,1944-05-26,1944,sanyo_maru,ex-seaplane_tender,8360,2-48N,124-19E,sunk
cabrilla,,1944-10-01,1944,kyokuho_maru,tanker,10059,16-15N,119-43E,sunk
cabrilla,,1944-10-07,1944,shinyo_maru_no_8,cargo,1959,17-50N,119-37E,sunk
cabrilla,,1944-10-06,1944,yamamizu_maru_no_2,cargo,5154,17-31N,120-21E,sunk
cabrilla,,1944-10-01,1944,zuiyo_maru,tanker,7385,16-15N,119-43E,sunk
capelin,,1943-11-11,1943,kunitama_maru,cargo,3127,3-08S,127-38E,sunk
cavalla,,1945-01-05,1945,kanko_maru,ex-net_tender,909,5-00S,112-16E,sunk
cavalla,,1945-01-05,1945,shunsen_maru,cargo,971,5-00S,112-16E,sunk
cero,,1945-04-29,1945,taishu_maru,cargo,6925,39-15N,141-58E,sunk
cero,,1944-05-23,1944,taijun_maru,cargo,2825,2-38N,128-08E,sunk
cero,,1945-05-13,1945,shinnan_maru,cargo,1025,39-07N,141-57E,sunk
cero,,1945-05-04,1945,shinpen_maru,cargo,884,39-28N,142-04E,sunk
cobia,,1944-07-18,1944,nisshu_maru,cargo,7785,28-43N,139-24E,sunk
cobia,,1944-07-13,1944,taishi_maru,cargo,2800,27-23N,140-33E,sunk
cobia,,1944-07-18,1944,unkai_maru_no_10,ex-gunboat,855,29-12N,139-10E,sunk
cobia,,1945-06-08,1945,ninshin_maru_no_22,tanker,834,8-56N,105-37E,sunk
cod,,1944-08-03,1944,seiko_maru,ex-net_tender,708,1-45S,126-14E,sunk
cod,,1944-02-23,1944,ogura_maru_no_3,tanker,7350,3-53N,129-17E,sunk
cod,,1944-02-27,1944,taisoku_maru,cargo,2473,1-48N,127-32E,sunk
cod,,1944-05-10,1944,shohei_maru,cargo,7256,15-38N,119-25E,sunk
cod,,1944-10-05,1944,tatsushiro_maru,cargo,6886,13-01N,120-15E,sunk
crevalle,,1944-04-25,1944,kashiwa_maru,ex-net_tender,976,7-09N,116-48E,sunk
crevalle,,1944-01-26,1944,busho_maru,ex-gunboat,2552,8-27N,109-12E,sunk
crevalle,,1944-07-26,1944,aki_maru,passenger-cargo,11409,18-28N,117-59E,sunk
crevalle,,1944-07-28,1944,hakurasan_maru,passenger-cargo,6650,16-18N,119-44E,sunk
crevalle,,1945-06-10,1945,daiki_maru,cargo,2217,40-44N,139-48E,sunk
crevalle,,1945-06-11,1945,hakusan_maru,cargo,2211,40-43N,139-51E,sunk
crevalle,,1945-06-09,1945,hokuto_maru,cargo,2215,40-54N,139-48E,sunk
crevalle,,1944-05-06,1944,nisshin_maru,tanker,16801,7-17N,116-51E,sunk
crevalle,,1943-11-15,1943,kyokko_maru,passenger-cargo,6783,14-53N,119-54E,sunk
crevalle,,1944-07-26,1944,tosan_maru,passenger-cargo,8666,18-13N,117-50E,Sunk
croaker,,1944-08-14,1944,daigen_maru_no_7,ex-gunboat,1289,37-25N,125-12E,sunk
croaker,,1944-08-17,1944,sansho_maru,cargo,6862,35-38N,126-10E,sunk
croaker,,1944-10-23,1944,byakuran_maru,cargo,887,35-39N,126-05E,sunk
croaker,,1944-10-24,1944,mikage_maru,cargo,2761,33-00N,125-49E,sunk
croaker,,1944-10-09,1944,shinki_maru,cargo,2211,32-08N,129-51E,sunk
dace,,1944-07-27,1944,kyoei_maru_no_2,tanker,1157,5-25N,121-43E,sunk
dace,,1945-06-10,1945,hakuyo_maru,cargo,1391,47-25N,149-04E,sunk
dace,,1944-10-14,1944,eikyo_maru,cargo,6948,6-05N,115-55E,sunk
dace,,1944-10-14,1944,nittetsu_maru,cargo,5993,6-05N,115-55E,sunk
darter,,1944-03-30,1944,fujikawa_maru,cargo,2829,1-56N,133-00E,sunk
drum,,1943-04-18,1943,nisshun_maru,cargo,6380,1-55N,148-24E,sunk
drum,,1943-04-09,1943,oyama_maru,cargo,3809,00-32N,150-05E,sunk
drum,,1943-06-17,1943,myoko_maru,passenger-cargo,5087,2-03S,153-44E,sunk
drum,,1942-05-25,1942,kitaka_maru,cargo,2380,34-58N,140-04E,sunk
drum,,1942-05-13,1942,shonan_maru,cargo,5264,34-39N,139-10E,sunk
drum,,1943-11-17,1943,hie_maru,ex-supply_ship,11621,1-48N,148-24E,sunk
drum,,1942-10-09,1942,hachimanzan_maru,cargo,2461,33-27N,136-01E,sunk
drum,,1942-10-08,1942,hague_maru,passenger-cargo,5641,34-06N,136-22E,sunk
drum,,1942-10-20,1942,ryunan_maru,cargo,5106,34-08N,136-46E,sunk
drum,,1944-10-24,1944,shikisan_maru,passenger-cargo,4725,20-27N,118-31E,sunk
drum,,1944-10-26,1944,taihaku_maru,cargo,6886,19-21N,120-50E,sunk
drum,,1944-10-26,1944,taisho_maru,cargo,6886,19-21N,120-50E,sunk
drum,,1943-09-08,1943,hakutetsu_maru_no_13,cargo,1334,2-44S,141-36E,sunk
finback,,1943-08-03,1943,kaisho_maru,passenger-cargo,6070,5-18S,111-52E,sunk
finback,,1944-12-16,1944,jusan_maru,cargo,2111,27-35N,141-35E,sunk
finback,,1944-01-02,1944,isshin_maru,tanker,10000,29-30N,128-50E,sunk
finback,,1943-06-11,1943,genoa_maru,cargo,6785,7-36N,134-17E,sunk
finback,,1943-06-08,1943,kahoku_maru,ex-gunboat,3350,9-07N,134-31E,sunk
finback,,1943-06-30,1943,ryuzan_maru,cargo,4720,6-31S,111-26E,sunk
finback,,1943-05-27,1943,kochi_maru,cargo,2910,8-41N,134-02E,sunk
finback,,1942-10-20,1942,africa_maru,cargo,9475,24-26N,120-26E,sunk
finback,,1942-10-14,1942,teison_maru,transport,7007,25-22N,121-15E,sunk
finback,,1942-10-20,1942,yamafuji_maru,cargo,5359,24-26N,120-26E,sunk
finback,,1944-09-11,1944,hakuun_maru_no_2,cargo,860,27-37N,140-21E,sunk
finback,,1944-09-11,1944,hassho_maru,cargo,536,27-37N,140-21E,sunk
finback,,1943-03-28,1943,suwa_maru,transport,10672,19-13N,166-34E,Sunk
flasher,,1944-04-29,1944,song_giang_maru,cargo,1065,13-02N,109-28E,sunk
flasher,,1944-12-22,1944,arita_maru,tanker,10238,15-04N,109-06E,sunk
flasher,,1944-12-04,1944,hakko_maru,tanker,10022,13-12N,116-37E,sunk
flasher,,1944-12-22,1944,omurosan_maru,tanker,9204,15-04N,109-06E,sunk
flasher,,1944-12-22,1944,otowasan_maru,tanker,9204,15-04N,109-06E,sunk
flasher,,1944-02-14,1944,hokuan_maru,cargo,3712,13-40N,120-27E,sunk
flasher,,1944-02-14,1944,minryo_maru,cargo,2193,13-44N,120-40E,sunk
flasher,,1944-02-05,1944,taishin_maru,cargo,1723,13-09N,120-24E,sunk
flasher,,1945-02-25,1945,koho_maru,cargo,850,20-04N,111-22E,sunk
flasher,,1944-01-18,1944,yoshida_maru,ex-gunboat,2900,23-50N,151-28E,sunk
flasher,,1944-07-07,1944,koto_maru,cargo,3557,13-02N,109-26E,sunk
flasher,,1944-07-26,1944,otoriyama_maru,tanker,5280,18-10N,117-56E,sunk
flasher,,1944-06-29,1944,nippo_maru,cargo,6079,00-43N,105-31E,sunk
flasher,,1944-05-03,1944,teisen_maru,cargo,5050,12-54N,114-07E,sunk
flasher,,1944-10-04,1944,taibin_maru,cargo,6886,15-26N,119-49E,sunk
flasher,,1944-09-18,1944,saigon_maru,ex-light_cruiser,5350,14-11N,120-02E,sunk
flasher,,1944-09-27,1944,ural_maru,transport,6374,15-40N,117-18E,sunk
flasher,,1944-07-26,1944,tosan_maru,passenger-cargo,8666,18-13N,117-50E,Sunk
flier,,1944-06-04,1944,hakusan_maru,transport,10380,22-55N,136-44E,sunk
flounder,,1944-06-17,1944,nipponkai_maru,ex-motor_torpedo_tender,2681,6-58N,127-52E,sunk
flounder,,1944-11-21,1944,gyosan_maru,cargo,5698,10-39N,115-05E,Sunk
flying_fish,,1943-02-26,1943,tokai_maru,passenger-cargo,8358,13-27N,144-37E,Sunk
flyingfish,,1943-04-17,1943,amaho_maru,cargo,2769,42-04N,143-22E,sunk
flyingfish,,1943-04-24,1943,kasuga_maru,cargo,1377,41-43N,141-21E,sunk
flyingfish,,1943-04-12,1943,sapporo_maru_no_12,cargo,2865,41-24N,141-30E,sunk
flyingfish,,1944-04-01,1944,ninami_maru,cargo,2398,25-56N,131-18E,sunk
flyingfish,,1943-12-16,1943,ginyo_maru,cargo,8613,22-27N,120-08E,sunk
flyingfish,,1943-12-27,1943,kyuei_maru,tanker,10171,21-42N,118-05E,sunk
flyingfish,,1943-02-16,1943,hyuga_maru,cargo,994,18-30N,145-47E,sunk
flyingfish,,1943-07-02,1943,canton_maru,cargo,2820,25-07N,119-18E,sunk
flyingfish,,1945-06-11,1945,meisei_maru,passenger-cargo,1893,41-47N,131-44E,sunk
flyingfish,,1945-06-10,1945,taga_maru,cargo,2220,41-40N,129-52E,sunk
flyingfish,,1944-03-16,1944,anzan_maru,passenger-cargo,5493,27-41N,128-41E,sunk
flyingfish,,1944-03-12,1944,taijin_maru,cargo,1937,25-53N,131-19E,sunk
flyingfish,,1944-05-25,1944,osaka_maru,passenger-cargo,3740,11-30N,134-55E,sunk
flyingfish,,1944-05-25,1944,taito_maru,passenger-cargo,4466,11-30N,134-55E,sunk
flyingfish,,1943-10-27,1943,nanman_maru,cargo,6550,12-34N,134-48E,sunk
gabilan,,1945-04-14,1945,kako_maru,cargo,762,5-19S,117-06E,sunk
gar,,1943-08-20,1943,seizan_maru,cargo,955,00-58N,119-01E,sunk
gar,,1942-12-08,1942,heinan_maru,cargo,661,00-52N,118-54E,sunk
gar,,1944-01-20,1944,koyu_maru,cargo,5325,6-40N,134-17E,sunk
gar,,1944-01-23,1944,taian_maru,cargo,3670,5-45N,134-45E,sunk
gar,,1942-03-13,1942,chichibu_maru,cargo,1520,33-53N,139-29E,sunk
gar,,1943-05-09,1943,aso_maru,cargo,703,9-09N,122-50E,sunk
gar,,1943-05-15,1943,indus_maru,passenger-cargo,4361,13-07N,121-49E,sunk
gar,,1943-05-15,1943,meikai_maru,passenger-cargo,3197,13-07N,121-49E,sunk
gato,,1943-12-20,1943,tsuneshima_maru,cargo,2926,1-30N,148-36E,sunk
gato,,1943-02-15,1943,suruga_maru,cargo,991,6-27S,156-02E,sunk
gato,,1944-02-26,1944,daigen_maru_no_3,passenger-cargo,5256,00-55S,139-02E,sunk
gato,,1945-02-21,1945,tairiku_maru,cargo,2325,35-24N,125-23E,sunk
gato,,1943-01-21,1943,kenkon_maru,transport,4575,6-12S,155-51E,sunk
gato,,1943-01-29,1943,nichiun_maru,cargo,2723,6-21S,156-04E,sunk
gato,,1944-03-12,1944,okinoyama_maru_no_3,cargo,871,00-25S,132-55E,sunk
gato,,1943-11-30,1943,columbia_maru,passenger-cargo,5618,1-56N,147-23E,sunk
grampus,,1942-03-01,1942,kaijo_maru_no_2,tanker,8636,4-52N,151-20E,sunk
grayback,,1943-12-18,1943,gyokurei_maru,cargo,5588,26-22N,128-20E,sunk
grayback,,1943-12-21,1943,kashiwa_maru,ex-net_tender,515,30-24N,129-53E,sunk
grayback,,1943-12-21,1943,konan_maru,cargo,2627,30-24N,129-53E,sunk
grayback,,1944-02-27,1944,ceylon_maru,cargo,4905,31-50N,127-45E,sunk
grayback,,1944-02-24,1944,nampo_maru,tanker,10033,24-20N,122-25E,sunk
grayback,,1944-02-19,1944,taikei_maru,cargo,4739,21-48N,119-50E,sunk
grayback,,1944-02-19,1944,toshin_maru,cargo,1917,21-46N,120-06E,sunk
grayback,,1942-03-17,1942,ishikari_maru,cargo,3291,27-05N,142-05E,sunk
grayback,,1943-05-17,1943,england_maru,cargo,5830,1-00S,148-40E,sunk
grayback,,1943-05-11,1943,yodogawa_maru,cargo,6441,00-47S,149-02E,sunk
grayback,,1943-10-22,1943,awata_maru,ex-light_cruiser,7397,26-48N,124-56E,sunk
grayback,,1943-10-14,1943,kozui_maru,passenger-cargo,7072,27-35N,127-27E,sunk
grayback,,1943-10-27,1943,fuji_maru,transport,9138,28-25N,128-04E,Sunk
grayling,,1942-04-13,1942,ryujin_maru,cargo,6243,31-51N,132-50E,sunk
grayling,,1943-04-09,1943,shanghai_maru,cargo,4103,13-11N,121-45E,sunk
grayling,,1943-08-27,1943,meizan_maru,passenger-cargo,5480,13-13N,121-23E,sunk
grayling,,1943-01-26,1943,ushio_maru,cargo,749,13-26N,121-16E,sunk
grayling,,1942-11-10,1942,unknown_maru,cargo,4000,7-12N,150-47E,sunk
greenling,,1942-08-05,1942,brasil_maru,transport,12752,9-50N,150-38E,sunk
greenling,,1942-08-06,1942,palao_maru,passenger-cargo,4495,9-04N,150-54E,sunk
greenling,,1942-12-30,1942,hiteru_maru,cargo,5857,00-41N,148-52E,sunk
greenling,,1942-12-30,1942,unknown_maru,cargo,4000,00-41N,148-52E,sunk
greenling,,1943-12-31,1943,shoho_maru,cargo,1936,5-18N,160-16E,sunk
greenling,,1943-01-16,1943,kinposan_maru,cargo,3261,2-47S,149-10E,sunk
greenling,,1942-05-04,1942,kinjosan_maru,cargo,3262,8-44N,150-56E,sunk
greenling,,1944-11-07,1944,kiri_maru_no_8,cargo,939,34-32N,138-33E,sunk
greenling,,1944-11-07,1944,kotai_maru,tanker,975,34-32N,138-33E,sunk
greenling,,1942-10-18,1942,hakonesan_maru,cargo,6673,38-46N,142-03E,sunk
greenling,,1942-10-03,1942,kinkai_maru,cargo,5852,38-46N,142-02E,sunk
greenling,,1942-10-04,1942,setsuyo_maru,cargo,4147,39-48N,142-08E,sunk
greenling,,1942-10-14,1942,takusei_maru,cargo,3515,39-33N,142-15E,sunk
grenadier,,1942-05-08,1942,taiyo_maru,transport,14457,34-40N,127-54E,sunk
grouper,,1942-12-17,1942,bandoeng_maru,passenger-cargo,4003,4-54S,154-17E,sunk
grouper,,1944-06-24,1944,kumanoyama_maru,cargo,2857,34-36N,139-32E,sunk
grouper,,1942-10-01,1942,lisbon_maru,transport,7053,29-57N,122-56E,sunk
grouper,,1942-09-21,1942,tone_maru,cargo,4070,31-18N,123-27E,sunk
growler,,1942-08-31,1942,eifuku_maru,cargo,5866,25-43N,122-38E,sunk
growler,,1942-08-25,1942,senyo_maru,ex-gunboat,2904,22-23N,120-10E,sunk
growler,,1943-01-16,1943,chifuku_maru,passenger-cargo,5857,4-00S,151-55E,sunk
growler,,1943-06-19,1943,miyadono_maru,passenger-cargo,5196,1-38N,148-14E,sunk
growler,,1944-06-29,1944,katori_maru,cargo,1920,19-09N,120-27E,sunk
growler,,1942-09-07,1942,taika_maru,cargo,2204,25-31N,121-33E,sunk
guardfish,,1942-08-24,1942,seikai_maru,passenger-cargo,3109,38-12N,141-30E,sunk
guardfish,,1943-01-22,1943,unknown_maru,cargo,4000,3-55S,152-07E,sunk
guardfish,,1944-01-14,1944,kenyo_maru,tanker,10022,5-22N,141-27E,sunk
guardfish,,1944-07-17,1944,hiyama_maru,cargo,2838,18-17N,119-50E,sunk
guardfish,,1944-07-16,1944,jinzan_maru,passenger-cargo,5215,18-20N,119-42E,sunk
guardfish,,1944-07-16,1944,mantai_maru,cargo,5863,18-20N,119-42E,sunk
guardfish,,1944-07-19,1944,teiryu_maru,cargo,6550,20-07N,118-20E,sunk
guardfish,,1943-06-13,1943,suzuya_maru,cargo,901,3-08S,151-24E,sunk
guardfish,,1942-10-21,1942,michiho_maru,cargo,6363,27-03N,122-42E,sunk
guardfish,,1942-10-21,1942,unknown_maru,cargo,4000,27-03N,122-42E,sunk
guardfish,,1943-10-08,1943,kashu_maru,cargo,5460,00-25S,146-22E,sunk
guardfish,,1942-09-04,1942,chita_maru,cargo,2276,40-10N,141-53E,sunk
guardfish,,1942-09-04,1942,kaimei_maru,cargo,5254,40-14N,141-51E,sunk
guardfish,,1942-09-02,1942,teikyu_maru,cargo,2332,42-08N,141-15E,sunk
guardfish,,1942-09-04,1942,tenyu_maru,cargo,3738,40-14N,141-51E,sunk
guardfish,,1944-09-25,1944,miyakawa_maru_no_2,cargo,873,38-30N,124-06E,sunk
guavina,,1944-04-26,1944,noshiro_maru,cargo,2333,28-37N,141-00E,sunk
guavina,,1945-02-20,1945,eiyo_maru,tanker,8673,11-17N,109-00E,sunk
guavina,,1945-02-07,1945,taigyo_maru,cargo,6892,7-03N,106-05E,sunk
guavina,,1944-07-04,1944,tama_maru,passenger-cargo,3052,7-33N,133-45E,sunk
guavina,,1944-11-22,1944,dowa_maru,cargo,1916,10-22N,114-21E,sunk
guavina,,1944-11-21,1944,gyosan_maru,cargo,5698,10-39N,115-05E,Sunk
gudgeon,,1943-04-28,1943,kamakura_maru,transport,17526,10-18N,121-44E,sunk
gudgeon,,1942-08-03,1942,naniwa_maru,cargo,4858,7-37N,150-18E,sunk
gudgeon,,1942-03-26,1942,unknown_maru,cargo,4000,32-31N,127-10E,sunk
gudgeon,,1942-03-27,1942,unknown_maru,passenger-cargo,4000,33-53N,127-33E,sunk
gudgeon,,1943-03-22,1943,meigen_maru,cargo,5434,6-31S,112-47E,sunk
gudgeon,,1943-03-29,1943,toho_maru,tanker,9997,00-00N,118-18E,sunk
gudgeon,,1943-05-12,1943,sumatra_maru,cargo,5862,12-43N,124-08E,sunk
gudgeon,,1943-11-23,1943,nekka_maru,transport,6784,28-49N,122-11E,sunk
gudgeon,,1942-10-21,1942,choko_maru,passenger-cargo,6783,3-30S,150-30E,sunk
gudgeon,,1943-09-28,1943,taian_maru,passenger-cargo,3158,15-22N,145-38E,sunk
guitarro,,1944-08-27,1944,nanshin_maru_no_27,tanker,834,12-28N,119-57E,sunk
guitarro,,1944-08-10,1944,shinei_maru,cargo,5135,16-17N,119-46E,sunk
guitarro,,1944-08-21,1944,uga_maru,passenger-cargo,4433,13-23N,120-19E,sunk
guitarro,,1944-05-30,1944,shisen_maru,cargo,2201,24-30N,122-30E,sunk
guitarro,,1944-10-31,1944,komei_maru,cargo,2857,15-17N,119-49E,sunk
guitarro,,1944-10-31,1944,pacific_maru,passenger-cargo,5872,15-17N,119-49E,sunk
guitarro,,1944-11-04,1944,kagu_maru,passenger-cargo,10021,15-54N,119-45E,Sunk
gunnel,,1943-12-04,1943,hiyoshi_maru,passenger-cargo,4046,29-45N,145-55E,sunk
gunnel,,1943-06-15,1943,koyo_maru,cargo,6435,33-55N,127-38E,sunk
gunnel,,1943-06-19,1943,tokiwa_maru,cargo,6971,32-31N,126-19E,sunk
gunnel,,1944-11-17,1944,shunten_maru,passenger-cargo,5623,16-56N,110-30E,sunk
gurnard,,1943-12-24,1943,seizan_maru_no_2,cargo,1898,34-02N,136-19E,sunk
gurnard,,1943-12-24,1943,tofuku_maru,cargo,5857,33-58N,136-16E,sunk
gurnard,,1943-07-11,1943,taiko_maru,cargo,1925,12-53N,131-49E,sunk
gurnard,,1944-05-06,1944,aden_maru,passenger-cargo,5824,2-42N,124-10E,sunk
gurnard,,1944-05-06,1944,taijima_maru,passenger-cargo,6995,2-42N,124-10E,sunk
gurnard,,1944-05-24,1944,tatekawa_maru,tanker,10090,5-45N,125-45E,sunk
gurnard,,1944-05-06,1944,tenshinzan_maru,cargo,6886,2-42N,124-10E,sunk
gurnard,,1944-11-03,1944,taimei_maru,cargo,6923,5-48N,111-05E,sunk
gurnard,,1943-10-08,1943,dainichi_maru,passenger-cargo,5813,18-24N,119-09E,sunk
gurnard,,1943-10-08,1943,taian_maru,cargo,5655,18-24N,119-09E,sunk
haddo,,1944-08-21,1944,kinryo_maru,passenger-cargo,4390,13-23N,120-19E,sunk
haddo,,1944-08-21,1944,norfolk_maru,passenger-cargo,6576,13-23N,120-19E,sunk
haddo,,1945-07-01,1945,konri_maru,cargo,3106,38-08N,124-38E,sunk
haddo,,1945-07-01,1945,taiun_maru_no_1,cargo,2220,38-08N,124-38E,sunk
haddo,,1944-11-09,1944,hishi_maru_no_2,tanker,856,12-27N,120-05E,sunk
haddock,,1943-04-03,1943,arima_maru,passenger-cargo,7389,10-26N,135-00E,sunk
haddock,,1943-04-08,1943,toyo_maru,cargo,1916,10-26N,135-00E,sunk
haddock,,1942-08-26,1942,teishun_maru,cargo,2251,27-05N,121-23E,sunk
haddock,,1942-08-22,1942,unknown_maru,transport,4000,26-07N,121-29E,sunk
haddock,,1943-01-17,1943,unknown_maru,cargo,4000,34-31N,137-48E,sunk
haddock,,1943-07-21,1943,saipan_maru,transport,5533,16-18N,134-09E,sunk
haddock,,1942-11-03,1942,tekkai_maru,cargo,1925,32-02N,126-15E,sunk
haddock,,1942-11-11,1942,venice_maru,passenger-cargo,6571,35-36N,123-44E,sunk
hake,,1944-02-01,1944,nanka_maru,cargo,4065,1-35N,128-58E,sunk
hake,,1944-02-01,1944,tacoma_maru,passenger-cargo,5772,1-35N,128-58E,sunk
hake,,1944-01-12,1944,nigitsu_maru,transport,9547,23-15N,133-49E,sunk
hake,,1944-06-20,1944,hibi_maru,passenger-cargo,5874,5-35N,125-15E,sunk
hake,,1944-06-17,1944,kinshu_maru,cargo,5591,6-17N,126-17E,sunk
hake,,1944-03-27,1944,yamamizu_maru,tanker,5174,3-52S,109-40E,sunk
halibut,,1944-04-27,1944,genbu_maru,passenger-cargo,1872,27-20N,128-15E,sunk
halibut,,1944-04-12,1944,taichu_maru,passenger-cargo,3213,28-07N,129-01E,sunk
halibut,,1943-08-30,1943,taibun_maru,passenger-cargo,6581,41-53N,141-10E,sunk
halibut,,1942-12-16,1942,genzan_maru,passenger-cargo,5708,41-10N,141-32E,sunk
halibut,,1942-12-12,1942,gyokuzan_maru,cargo,1970,40-19N,142-27E,sunk
halibut,,1942-12-16,1942,shingo_maru,cargo,4740,41-10N,141-32E,sunk
halibut,,1943-02-20,1943,shinkoku_maru,passenger-cargo,3991,15-09N,159-30E,sunk
halibut,,1943-03-03,1943,nichiyu_maru,passenger-cargo,6817,10-22N,145-21E,sunk
halibut,,1943-11-02,1943,ehime_maru,cargo,4653,28-18N,134-48E,sunk
halibut,,1943-09-06,1943,shogen_maru,cargo,3362,42-13N,142-16E,sunk
hammerhead,,1945-07-10,1945,nanmei_maru_no_5,tanker,834,9-38N,101-30E,sunk
hammerhead,,1945-07-10,1945,sakura_maru,cargo,900,9-38N,101-30E,sunk
hammerhead,,1945-05-06,1945,kinrei_maru,tanker,850,8-15N,102-15E,sunk
hammerhead,,1945-05-15,1945,tottori_maru,passenger-cargo,5973,9-21N,102-25E,sunk
hammerhead,,1944-10-01,1944,higane_maru,cargo,5320,6-30N,116-11E,sunk
hammerhead,,1944-10-01,1944,hiyori_maru,cargo,5320,6-30N,116-11E,sunk
hammerhead,,1944-10-01,1944,kokusei_maru,cargo,5396,6-30N,116-11E,sunk
hammerhead,,1944-10-20,1944,oyo_maru,passenger-cargo,5458,4-41N,113-22E,sunk
hammerhead,,1944-10-20,1944,ugo_maru,passenger-cargo,3684,4-52N,113-24E,sunk
hammerhead,,1944-12-08,1944,shoei_maru,tanker,2854,4-03N,111-31E,Sunk
harder,,1944-04-17,1944,matsue_maru,cargo,7061,9-22N,142-18E,sunk
harder,,1943-06-23,1943,sagara_maru,ex-seaplane_tender,7189,33-45N,138-10E,sunk
harder,,1943-11-19,1943,hokko_maru,cargo,5385,22-27N,147-15E,sunk
harder,,1943-11-20,1943,nikko_maru,cargo,5949,22-47N,147-20E,sunk
harder,,1943-11-19,1943,udo_maru,cargo,3936,22-27N,147-15E,sunk
harder,,1943-09-23,1943,daishin_maru,tanker,5878,34-15N,137-00E,sunk
harder,,1943-09-19,1943,kachisan_maru,cargo,814,33-30N,135-40E,sunk
harder,,1943-09-23,1943,kowa_maru,cargo,4520,34-15N,137-00E,sunk
harder,,1943-09-09,1943,koyo_maru,cargo,3010,35-20N,140-40E,sunk
harder,,1943-09-11,1943,yoko_maru,cargo,1050,33-50N,139-33E,sunk
hardhead,,1945-04-06,1945,araosan_maru,cargo,6886,9-37N,102-48E,sunk
hardhead,,1945-02-02,1945,nanshin_maru_no_19,tanker,834,5-40N,103-17E,sunk
hardhead,,1944-11-08,1944,manei_maru,tanker,5226,13-53N,119-26E,sunk
hawkbill,,1945-02-20,1945,daizen_maru,cargo,5396,00-42S,106-18E,sunk
hawkbill,,1944-10-07,1944,kinugasa_maru,passenger-cargo,8407,14-30N,115-48E,Sunk
hawkbill,,1944-10-09,1944,tokuwa_maru,cargo,1943,12-46N,118-02E,Sunk
herring,,1943-12-14,1943,hakozaki_maru,passenger-cargo,3948,33-10N,125-55E,sunk
herring,,1944-01-01,1944,nagoya_maru,cargo-aircraft_ferry,6072,32-10N,137-37E,sunk
herring,,1944-06-01,1944,hiburi_maru,passenger-cargo,4365,48-00N,153-00E,sunk
herring,,1944-06-01,1944,iwaki_maru,cargo,3124,48-00N,153-00E,sunk
herring,,1944-05-31,1944,hokuyo_maru,cargo,1590,48-00N,153-00E,sunk
hoe,,1944-02-25,1944,nissho_maru,tanker,10526,5-55N,126-05E,sunk
hoe,,1944-10-08,1944,kohoku_maru,passenger-cargo,2573,18-32N,116-13E,sunk
icefish,,1944-10-26,1944,taiyo_maru,cargo,4168,19-04N,120-36E,sunk
icefish,,1944-10-24,1944,tenshin_maru,cargo,4236,19-31N,118-10E,sunk
jack,,1944-04-26,1944,yoshida_maru_no_1,passenger-cargo,5425,18-06N,119-47E,sunk
jack,,1944-08-29,1944,mexico_maru,passenger-cargo,5785,2-07N,122-28E,sunk
jack,,1944-02-19,1944,ichiyo_maru,tanker,5106,15-40N,115-48E,sunk
jack,,1944-02-19,1944,kokuei_maru,tanker,5154,14-34N,114-11E,sunk
jack,,1944-02-19,1944,nanei_maru,tanker,5019,14-34N,114-11E,sunk
jack,,1944-02-19,1944,nichirin_maru,tanker,5162,15-45N,115-39E,sunk
jack,,1943-01-26,1943,toyo_maru,passenger-cargo,4163,33-22N,138-56E,sunk
jack,,1943-07-04,1943,nikkyu_maru,cargo,6529,34-31N,138-35E,sunk
jack,,1943-06-26,1943,shozan_maru,cargo,5859,33-22N,138-56E,sunk
jack,,1944-06-30,1944,matsukawa_maru,cargo,3825,14-25N,119-47E,sunk
jack,,1944-06-25,1944,san_pedro_maru,tanker,7268,16-07N,119-44E,sunk
jack,,1944-06-30,1944,tsurushima_maru,cargo,4645,14-25N,119-47E,sunk
jack,,1944-11-14,1944,nichiei_maru,cargo,5396,11-19N,109-01E,sunk
jack,,1944-11-15,1944,yuzan_maru_no_2,cargo,6859,11-20N,109-03E,sunk
jallao,,1945-08-11,1945,teihoku_maru,passenger-cargo,5795,38-03N,133-13E,sunk
kete,,1945-03-10,1945,dokan_maru,cargo,2270,29-31N,127-55E,sunk
kete,,1945-03-10,1945,keizan_maru,cargo,2116,29-31N,127-55E,sunk
kete,,1945-03-10,1945,sanka_maru,cargo,2495,29-31N,127-55E,sunk
kingfish,,1942-12-28,1942,choyo_maru,cargo,5388,24-46N,120-40E,sunk
kingfish,,1942-12-07,1942,hino_maru_no_3,passenger-cargo,4391,23-59N,138-43E,sunk
kingfish,,1944-01-03,1944,bokuei_maru,tanker,5135,6-58N,112-02E,sunk
kingfish,,1944-01-07,1944,fushimi_maru_no_3,tanker,4292,9-27N,117-36E,sunk
kingfish,,1944-01-03,1944,ryuei_maru,tanker,5144,8-06N,112-30E,sunk
kingfish,,1945-01-03,1945,shibrazono_maru,passenger-cargo,1831,30-29N,142-03E,sunk
kingfish,,1945-01-03,1945,yaei_maru,cargo,1941,30-29N,142-03E,sunk
kingfish,,1943-03-19,1943,takachiho_maru,transport,8154,26-00N,122-18E,sunk
kingfish,,1942-10-23,1942,seikyo_maru,ex-gunboat,2608,33-45N,135-25E,sunk
kingfish,,1942-10-01,1942,yomei_maru,cargo,2860,33-35N,135-15E,sunk
kingfish,,1943-10-20,1943,sana_maru,cargo,3365,12-36N,109-30E,sunk
kingfish,,1944-10-24,1944,ikutagawa_maru,cargo,2220,27-08N,143-13E,sunk
kingfish,,1944-10-27,1944,tokai_maru_no_4,cargo,537,25-22N,141-31E,sunk
lagarto,,1945-02-24,1945,tatsumomo_maru,cargo,880,32-40N,132-33E,sunk
lagarto,,1945-06-30,1945,hokushin_maru,cargo,5819,15-00N,115-00E,sunk
lapon,,1944-07-18,1944,kyodo_maru_no_36,passenger-cargo,1499,8-22N,116-40E,sunk
lapon,,1944-07-31,1944,tenshin_maru,tanker,5061,8-22N,116-40E,sunk
lapon,,1944-03-18,1944,hokuroku_maru,passenger-cargo,8359,19-22N,116-52E,sunk
lapon,,1944-03-09,1944,nichirei_maru,cargo,5396,19-47N,116-13E,sunk
lapon,,1944-03-08,1944,toyokuni_maru,cargo,5792,19-23N,116-13E,sunk
lapon,,1944-05-24,1944,bizen_maru,cargo,4667,7-25N,108-43E,sunk
lapon,,1944-05-24,1944,wales_maru,passenger-cargo,6586,7-16N,109-04E,sunk
lapon,,1943-10-18,1943,taichu_maru,cargo,1906,34-00N,136-24E,sunk
lapon,,1944-10-10,1944,ejiri_maru,cargo,6968,16-10N,119-44E,sunk
lapon,,1944-09-27,1944,hokki_maru,tanker,5599,15-45N,117-48E,sunk
mingo,,1944-11-25,1944,manila_maru,passenger-cargo,9486,5-30N,113-21E,sunk
muskallunge,,1944-08-21,1944,durban_maru,passenger-cargo,7163,11-43N,109-17E,sunk
narwhal,,1942-08-08,1942,bifuku_maru,passenger-cargo,2559,41-14N,141-32E,sunk
narwhal,,1942-08-01,1942,meiwa_maru,cargo,2921,41-12N,141-36E,sunk
narwhal,,1943-12-05,1943,himeno_maru,cargo,834,9-10N,124-30E,sunk
narwhal,,1942-07-24,1942,unknown_maru,cargo,1500,45-05N,147-27E,sunk
narwhal,,1942-03-04,1942,taki_maru,cargo,1244,28-37N,129-10E,sunk
narwhal,,1943-09-11,1943,hokusho_maru,cargo,4211,00-28S,166-52E,sunk
nautilus,,1943-01-09,1943,yoshinogawa_maru,cargo,1430,6-13S,156-00E,sunk
nautilus,,1944-03-06,1944,america_maru,transport,6070,21-50N,143-54E,sunk
nautilus,,1942-10-24,1942,kenun_maru,cargo,4643,41-24N,141-50E,sunk
nautilus,,1942-10-01,1942,tosei_maru,cargo,2432,41-20N,141-35E,sunk
nautilus,,1942-09-28,1942,tamon_maru_no_6,cargo,4994,40-35N,141-50E,sunk
paddle,,1944-04-16,1944,hino_maru_no_1,cargo,2671,2-02S,127-20E,sunk
paddle,,1944-04-16,1944,mito_maru,passenger-cargo,7061,2-02S,127-20E,sunk
paddle,,1943-08-23,1943,ataka_maru,passenger-cargo,5248,34-37N,137-53E,sunk
paddle,,1944-09-07,1944,shinyo_maru,cargo,2518,8-11N,122-40E,sunk
paddle,,1944-12-08,1944,shoei_maru,tanker,2854,4-03N,111-31E,Sunk
pampanito,,1945-02-08,1945,eifuku_maru,passenger-cargo,3520,7-04N,104-46E,sunk
pampanito,,1945-02-06,1945,engen_maru,cargo,6968,6-29N,106-11E,sunk
pampanito,,1944-11-19,1944,shinko_maru_no_1,cargo,1200,19-00N,111-51E,sunk
pampanito,,1944-09-12,1944,kachidoki_maru,transport,10509,19-18N,111-53E,sunk
pampanito,,1944-09-12,1944,zuiho_maru,tanker,5135,19-18N,111-53E,sunk
parche,,1945-02-07,1945,okinoyama_maru,cargo,984,29-09N,129-45E,sunk
parche,,1944-07-31,1944,koei_maru,tanker,10238,19-10N,120-58E,sunk
parche,,1944-07-31,1944,manko_maru,passenger-cargo,4471,19-10N,120-58E,sunk
parche,,1945-06-21,1945,hizen_maru,cargo,946,41-19N,141-28E,sunk
parche,,1945-06-26,1945,kamitsu_maru,ex-gunboat,2723,39-25N,142-04E,sunk
parche,,1944-05-04,1944,shoryu_maru,cargo,6475,20-48N,118-03E,sunk
parche,,1944-05-04,1944,taiyoku_maru,cargo,5244,20-48N,118-03E,sunk
parche,,1944-07-31,1944,yoshino_maru,transport,8990,19-10N,120-58E,Sunk
pargo,,1945-08-08,1945,rashin_maru,passenger-cargo,5454,41-23N,131-25E,sunk
pargo,,1944-06-28,1944,yamagiku_maru,cargo,5236,6-50N,122-41E,sunk
pargo,,1944-05-04,1944,eiryu_maru,ex-net_tender,758,7-04N,129-18E,sunk
pargo,,1943-11-29,1943,manju_maru,cargo,5877,18-23N,140-18E,sunk
pargo,,1943-11-30,1943,shoko_maru,cargo,1933,14-31N,140-18E,sunk
pargo,,1944-11-26,1944,yuho_maru,tanker,5226,4-55N,114-06E,sunk
pargo,,1944-09-10,1944,hinoki_maru,ex-net_tender,599,6-27S,116-48E,sunk
permit,,1943-07-06,1943,banshu_maru_no_33,cargo,787,43-35N,140-21E,sunk
permit,,1943-07-07,1943,showa_maru,passenger-cargo,2212,43-14N,139-53E,sunk
permit,,1943-03-08,1943,hisashima_maru,cargo,2742,41-16N,142-27E,sunk
peto,,1943-12-01,1943,konei_maru,cargo,2345,1-02N,146-42E,sunk
peto,,1944-03-04,1944,kayo_maru,passenger-cargo,4368,1-28S,138-40E,sunk
peto,,1944-11-18,1944,aisakasan_maru,cargo,6923,33-50N,124-44E,sunk
peto,,1944-11-18,1944,chinkai_maru,cargo,2827,33-39N,124-26E,sunk
peto,,1944-11-12,1944,tatsuaki_maru,cargo,2766,31-18N,125-30E,sunk
peto,,1943-10-01,1943,kinkasan_maru,cargo,4980,4-01N,143-47E,sunk
peto,,1943-10-01,1943,tonei_maru,passenger-cargo,4930,4-01N,143-47E,sunk
pickerel,,1943-04-07,1943,fukuei_maru,cargo,1113,41-00N,142-00E,sunk
pickerel,,1943-02-15,1943,tateyama_maru,cargo,1990,39-18N,142-08E,sunk
pickerel,,1942-01-10,1942,kanko_maru,ex-gunboat,2929,6-12N,125-55E,sunk
picuda,,1944-08-25,1944,kotoku_maru,cargo,1943,18-46N,120-46E,sunk
picuda,,1945-01-29,1945,clyde_maru,passenger-cargo,5497,25-33N,120-54E,sunk
picuda,,1944-03-30,1944,atlantic_maru,cargo,5873,12-15N,145-42E,sunk
picuda,,1944-03-20,1944,hoko_maru,cargo,1504,10-06N,138-10E,sunk
picuda,,1944-03-02,1944,shinkyo_maru,ex-gunboat,2672,6-25N,148-31E,sunk
picuda,,1944-11-23,1944,fukuju_maru,passenger-cargo,5291,34-19N,128-05E,sunk
picuda,,1944-11-17,1944,mayasan_maru,passenger-cargo,9433,33-16N,124-43E,sunk
picuda,,1944-11-23,1944,shuyo_maru,cargo,6933,34-15N,128-58E,sunk
picuda,,1944-09-21,1944,awaji_maru,cargo,1948,18-43N,120-52E,sunk
picuda,,1944-09-16,1944,tokushima_maru,passenger-cargo,5975,21-15N,121-29E,sunk
picuda,,1945-01-08,1945,hikoshima_maru,tanker,2854,24-37N,120-30E,Sunk
pike,,1943-08-05,1943,shoju_maru,passenger-cargo,2022,24-37N,154-45E,sunk
pintado,,1944-08-06,1944,shonan_maru,cargo,5401,30-53N,129-47E,sunk
pintado,,1944-08-22,1944,tonan_maru_no_2,tanker,19262,29-44N,125-22E,sunk
pintado,,1944-06-06,1944,havre_maru,cargo,5652,16-41N,142-43E,sunk
pintado,,1944-06-06,1944,kashimasan_maru,cargo,2825,16-41N,142-43E,sunk
pintado,,1944-06-01,1944,toho_maru,cargo,4716,18-13N,141-19E,sunk
pipefish,,1944-09-12,1944,hakutetsu_maru_no_7,cargo,1018,33-31N,135-57E,sunk
piranha,,1944-07-12,1944,nichiran_maru,passenger-cargo,6504,18-33N,122-53E,sunk
piranha,,1944-07-16,1944,seattle_maru,passenger-cargo,5773,19-26N,120-18E,sunk
plaice,,1944-07-05,1944,kogi_maru,ex-net_tender,857,27-43N,141-02E,sunk
plaice,,1944-06-30,1944,hyakufuku_maru,ex-gunboat,986,28-22N,141-17E,sunk
plunger,,1943-08-22,1943,ryokai_maru,cargo,4655,42-40N,139-48E,sunk
plunger,,1943-08-20,1943,seitai_maru,cargo,3404,42-15N,139-58E,sunk
plunger,,1944-02-23,1944,kimishima_maru,cargo,5193,30-30N,140-20E,sunk
plunger,,1944-02-02,1944,toyo_maru_no_5,cargo,2193,33-32N,135-58E,sunk
plunger,,1944-02-02,1944,toyo_maru_no_8,cargo,2191,33-32N,135-58E,sunk
plunger,,1942-01-18,1942,eizan_maru,cargo,4702,33-30N,135-00E,sunk
plunger,,1942-07-02,1942,unyo_maru_no_3,cargo,2997,30-30N,120-25E,sunk
plunger,,1943-07-12,1943,niitaka_maru,passenger-cargo,2478,43-02N,140-00E,sunk
plunger,,1942-06-30,1942,unkai_maru_no_5,cargo,3282,30-04N,122-54E,sunk
plunger,,1943-03-12,1943,taihosan_maru,ex-water_carrier,1805,7-15N,159-10E,sunk
plunger,,1943-05-10,1943,kinai_maru,passenger-cargo,8360,14-29N,149-00E,sunk
plunger,,1943-05-10,1943,tatsutake_maru,passenger-cargo,7068,14-29N,149-00E,sunk
pogy,,1943-08-01,1943,mogamigawa_maru,aircraft_ferry,7497,11-16N,153-34E,sunk
pogy,,1945-08-05,1945,kotohirasan_maru,cargo,2220,39-52N,138-52E,sunk
pogy,,1943-12-13,1943,fukkai_maru,passenger-cargo,3829,7-07N,134-31E,sunk
pogy,,1943-12-07,1943,soyo_maru,submarine_tender,6081,14-04N,152-09E,sunk
pogy,,1944-02-23,1944,horei_maru,cargo,5588,26-22N,126-15E,sunk
pogy,,1944-02-10,1944,malta_maru,passenger-cargo,5500,23-12N,121-30E,sunk
pogy,,1944-02-20,1944,nanyo_maru,cargo,3610,24-28N,123-31E,sunk
pogy,,1944-02-20,1944,taijin_maru,cargo,5154,24-12N,123-20E,sunk
pogy,,1945-07-27,1945,chikuzen_maru,passenger-cargo,2448,37-00N,134-02E,sunk
pogy,,1943-05-01,1943,keishin_maru,ex-gunboat,1434,37-04N,141-06E,sunk
pogy,,1943-05-26,1943,tainan_maru,cargo,1989,37-03N,141-09E,sunk
pogy,,1944-05-13,1944,anbo_maru,cargo,4523,34-31N,138-33E,sunk
pogy,,1944-05-05,1944,shirane_maru,cargo,2825,33-31N,135-28E,sunk
pogy,,1943-09-30,1943,maebashi_maru,passenger-cargo,7005,6-01N,139-08E,sunk
pollack,,1944-04-03,1944,tosei_maru,passenger-cargo,2814,30-00N,139-44E,sunk
pollack,,1943-08-27,1943,taifuku_maru,passenger-cargo,3520,32-27N,132-24E,sunk
pollack,,1942-01-09,1942,teian_maru,cargo,5387,35-00N,140-36E,sunk
pollack,,1942-01-07,1942,unkai_maru_no_1,cargo,2225,34-27N,138-59E,sunk
pollack,,1942-03-11,1942,fukushu_maru,cargo,1454,30-53N,126-20E,sunk
pollack,,1944-03-20,1944,hakuyo_maru,cargo,1327,30-53N,140-42E,sunk
pollack,,1943-05-20,1943,bangkok_maru,ex-light_cruiser,5350,5-47N,169-42E,sunk
pollack,,1943-05-18,1943,terushima_maru,ex-gunboat,3110,8-45N,170-30E,probably sunk
pollack,,1943-09-03,1943,tagonoura_maru,cargo,3521,34-10N,140-12E,sunk
pomfret,,1944-11-02,1944,atlas_maru,passenger-cargo,7347,20-20N,121-30E,sunk
pomfret,,1944-11-02,1944,hamburg_maru,passenger-cargo,5271,20-20N,121-30E,sunk
pomfret,,1944-11-25,1944,shoho_maru,cargo,1356,20-18N,121-34E,sunk
pomfret,,1944-10-02,1944,tsuyama_maru,passenger-cargo,6962,21-00N,121-46E,sunk
pompano,,1942-08-12,1942,unknown_maru,cargo,4000,33-02N,136-00E,sunk
pompano,,1942-05-30,1942,atsuta_maru,transport,7983,26-07N,129-06E,sunk
pompano,,1942-05-25,1942,tokyo_maru,tanker,902,27-03N,127-03E,sunk
pompano,,1943-09-03,1943,akama_maru,cargo,5600,41-00N,141-30E,sunk
pompano,,1943-09-25,1943,taiko_maru,cargo,2958,41-30N,139-00E,sunk
pompon,,1944-08-12,1944,mayachi_maru,cargo,2159,50-28N,144-09E,sunk
pompon,,1943-07-25,1943,thames_maru,cargo,5871,2-40N,148-26E,sunk
pompon,,1944-05-30,1944,shiga_maru,cargo,742,33-15N,134-11E,sunk
porpoise,,1943-04-04,1943,koa_maru,cargo,2024,13-11N,161-57E,sunk
porpoise,,1943-01-01,1943,renzan_maru,cargo,4999,39-11N,141-44E,sunk
porpoise,,1943-07-19,1943,mikage_maru_no_20,passenger-cargo,2718,18-34N,166-20E,sunk
puffer,,1944-08-12,1944,teikon_maru,tanker,5113,13-17N,120-07E,sunk
puffer,,1944-02-22,1944,teiko_maru,transport,15105,3-03N,109-16E,sunk
puffer,,1944-01-01,1944,ryuyo_maru,cargo,6707,8-24N,122-56E,sunk
puffer,,1944-05-18,1944,shinryu_maru,cargo,3181,7-36S,113-12E,sunk
puffer,,1944-08-12,1944,shimpo_maru,tanker,5135,13-17N,120-07E,Sunk
queenfish,,1945-04-01,1945,awa_maru,passenger-cargo,11600,25-25N,120-07E,sunk
queenfish,,1944-08-31,1944,chiyoda_maru,tanker,4700,21-21N,121-06E,sunk
queenfish,,1944-11-15,1944,akitsu_maru,aircraft_ferry,9186,33-15N,128-10E,sunk
queenfish,,1944-11-09,1944,chojusan_maru,ex-gunboat,2131,31-17N,129-10E,sunk
queenfish,,1944-11-08,1944,hakko_maru,cargo,1948,31-09N,129-38E,sunk
queenfish,,1944-11-08,1944,keijo_maru,cargo,1051,31-09N,129-38E,sunk
queenfish,,1944-09-09,1944,manshu_maru,transport,3054,19-45N,120-56E,sunk
queenfish,,1944-09-09,1944,toyooka_maru,passenger-cargo,7097,19-45N,120-56E,sunk
queenfish,,1945-01-08,1945,hikoshima_maru,tanker,2854,24-37N,120-30E,Sunk
rasher,,1944-08-18,1944,eishin_maru,cargo,542,18-16N,120-20E,sunk
rasher,,1944-08-06,1944,shiroganesan_maru,cargo,4739,14-14N,117-16E,sunk
rasher,,1944-08-19,1944,teia_maru,transport,17537,18-09N,119-56E,sunk
rasher,,1944-08-18,1944,teiyo_maru,tanker,9849,18-09N,119-56E,sunk
rasher,,1944-02-25,1944,ryusei_maru,passenger-cargo,4797,7-56S,115-14E,sunk
rasher,,1944-02-25,1944,tango_maru,cargo,6200,7-46S,115-09E,sunk
rasher,,1944-01-04,1944,kiyo_maru,tanker,7251,5-46N,108-36E,sunk
rasher,,1944-06-14,1944,koan_maru,cargo,3183,4-31N,122-25E,sunk
rasher,,1944-03-27,1944,nichinan_maru,cargo,2750,7-31S,115-57E,sunk
rasher,,1944-03-03,1944,nittai_maru,cargo,6484,3-17N,123-55E,sunk
rasher,,1944-05-29,1944,anshu_maru,converted_gunboat,2601,3-40S,126-58E,sunk
rasher,,1944-05-11,1944,choi_maru,cargo,1074,3-30S,126-06E,sunk
rasher,,1943-11-08,1943,tango_maru,tanker,2046,00-22N,119-44E,sunk
rasher,,1943-10-13,1943,kenkoku_maru,cargo,3127,3-47S,127-41E,sunk
rasher,,1943-10-09,1943,kogane_maru,passenger-cargo,3132,3-36S,127-44E,sunk
rasher,,1943-10-31,1943,koryu_maru,tanker,589,1-25N,120-46E,sunk
raton,,1943-12-24,1943,heiwa_maru,cargo,5578,2-45N,127-41E,sunk
raton,,1945-05-16,1945,eiju_maru,cargo,2455,37-39N,124-11E,sunk
raton,,1945-05-12,1945,rekizan_maru,cargo,1311,37-23N,123-42E,sunk
raton,,1945-05-02,1945,toryu_maru,cargo,1992,37-22N,123-43E,sunk
raton,,1943-11-28,1943,hokko_maru,cargo,5347,1-40N,141-45E,sunk
raton,,1943-11-26,1943,onoe_maru,cargo,6667,00-40N,148-14E,sunk
raton,,1943-11-28,1943,yuri_maru,cargo,6787,1-40N,141-45E,sunk
raton,,1944-11-14,1944,unkai_maru_no_5,tanker,2841,17-57N,117-45E,sunk
raton,,1944-10-18,1944,shiranesan_maru,cargo,4739,12-37N,118-46E,sunk
raton,,1944-10-18,1944,taikai_maru,passenger-cargo,3812,12-37N,118-46E,sunk
ray,,1944-08-04,1944,koshu_maru,cargo,2612,3-59S,117-54E,sunk
ray,,1944-08-18,1944,nansei_maru,tanker,5878,8-48N,116-58E,sunk
ray,,1944-08-21,1944,taketoyo_maru,passenger-cargo,6965,13-23N,120-19E,sunk
ray,,1944-08-14,1944,zuisho_maru,passenger-cargo,5289,3-52N,112-56E,sunk
ray,,1943-12-27,1943,kyoko_maru,tanker,5792,5-00S,121-22E,sunk
ray,,1944-01-01,1944,okuyo_maru,converted_gunboat,2904,3-51S,128-04E,sunk
ray,,1944-07-18,1944,janbi_maru,tanker,5244,5-21S,112-30E,sunk
ray,,1944-05-22,1944,tenpei_maru,passenger-cargo,6094,5-43N,127-37E,sunk
ray,,1943-11-26,1943,nikkai_maru,converted_gunboat,2562,4-00N,147-50E,sunk
ray,,1944-11-01,1944,horai_maru_no_7,cargo,865,13-02N,120-17E,sunk
ray,,1944-10-12,1944,toko_maru,passenger-cargo,4180,13-31N,120-19E,sunk
ray,,1944-11-04,1944,kagu_maru,passenger-cargo,10021,15-54N,119-45E,Sunk
razorback,,1944-12-06,1944,kenjo_maru,cargo,6933,18-57N,120-58E,Sunk
redfin,,1944-04-15,1944,shinyu_maru,passenger-cargo,4621,6-41N,123-40E,sunk
redfin,,1944-04-16,1944,yamagata_maru,passenger-cargo,3807,7-04N,123-27E,sunk
redfin,,1944-06-11,1944,asanagi_maru,tanker,5142,6-20N,120-47E,sunk
redfin,,1944-06-24,1944,aso_maru,passenger-cargo,3028,9-57N,125-07E,sunk
redfin,,1944-11-08,1944,nichinan_maru_no_2,tanker,5226,13-46N,116-53E,sunk
redfish,,1944-08-25,1944,batopaha_maru,cargo,5953,18-33N,120-34E,sunk
redfish,,1944-11-23,1944,hozan_maru,transport,2345,24-26N,122-46E,sunk
redfish,,1944-09-21,1944,mizuho_maru,transport,8506,18-35N,120-39E,sunk
redfish,,1944-09-16,1944,ogura_maru_no_2,tanker,7311,21-23N,121-17E,sunk
rock,,1944-10-26,1944,takasago_maru_no_7,tanker,834,10-18N,117-47E,sunk
ronquil,,1944-08-24,1944,fukurei_maru,cargo,5969,25-13N,121-49E,sunk
ronquil,,1944-08-24,1944,yoshida_maru_no_3,cargo,4646,25-13N,121-49E,sunk
runner,,1943-06-11,1943,seinan_maru,cargo,1338,41-00N,141-30E,sunk
runner,,1943-06-26,1943,shinryu_maru,passenger-cargo,4936,48-06N,153-15E,sunk
s-28,,1943-09-19,1943,katsura_maru_no_2,converted_gunboat,1368,49-05N,151-45E,sunk
s-30,,1943-06-11,1943,jinbu_maru,cargo,5228,50-23N,155-36E,sunk
s-31,,1942-10-26,1942,keizan_maru,cargo,2864,50-09N,155-37E,sunk
s-35,,1943-07-02,1943,banshu_maru_no_7,cargo,5430,52-30N,156-12E,sunk
s-37,,1942-07-08,1942,tenzan_maru,passenger-cargo,2776,4-00S,151-50E,sunk
s-38,,1942-08-08,1942,meiyo_maru,transport,5628,4-52S,152-43E,sunk
s-38,,1941-12-22,1941,hayo_maru,cargo,5445,16-37N,120-17E,sunk
s-41,,1943-05-28,1943,seiki_maru,cargo,1036,50-38N,155-15E,sunk
s-44,,1942-06-21,1942,keijo_maru,converted_gunboat,2626,9-00S,160-00E,sunk
s-44,,1942-05-12,1942,shoei_maru,converted_salvage_vessel,5644,4-51S,152-54E,sunk
sailfish,,1944-08-24,1944,toan_maru,cargo,2110,21-29N,121-18E,sunk
sailfish,,1943-12-13,1943,totai_maru,cargo,3195,30-55N,132-33E,sunk
sailfish,,1943-12-21,1943,uyo_maru,cargo,6376,32-38N,132-04E,sunk
sailfish,,1943-06-25,1943,iburi_maru,passenger-cargo,3291,39-34N,142-06E,sunk
sailfish,,1943-06-15,1943,shinju_maru,cargo,3617,39-13N,142-00E,sunk
sailfish,,1942-03-02,1942,kamogawa_maru,aircraft_ferry,6440,8-06S,115-57E,sunk
salmon,,1943-08-10,1943,wakanoura_maru,passenger-cargo,2411,46-58N,143-30E,sunk
salmon,,1942-05-28,1942,ganges_maru,passenger-cargo,4382,9-00N,111-00E,sunk
salmon,,1942-11-17,1942,oregon_maru,converted_salvage_vessel,5873,14-46N,119-44E,sunk
salmon,,1944-10-30,1944,takane_maru,tanker,10021,30-14N,132-50E,Sunk
sandlance,,1944-02-28,1944,kaiko_maru,cargo,3548,50-02N,155-30E,sunk
sandlance,,1944-07-14,1944,taiko_maru,converted_gunboat,2984,6-00S,121-30E,sunk
sandlance,,1944-03-03,1944,akashisan_maru,cargo,4541,45-52N,149-16E,sunk
sandlance,,1944-03-13,1944,kokuyo_maru,cargo,4667,32-58N,138-52E,sunk
sandlance,,1944-05-17,1944,fukko_maru,passenger-cargo,3834,14-55N,142-30E,sunk
sandlance,,1944-05-03,1944,kenan_maru,cargo,3129,15-29N,145-42E,sunk
sandlance,,1944-05-14,1944,koho_maru,cargo,4291,13-42N,144-43E,sunk
sandlance,,1944-05-11,1944,mitakesan_maru,passenger-cargo,4441,14-58N,145-26E,sunk
sandlance,,1944-05-17,1944,taikoku_maru,cargo,2633,14-57N,144-47E,sunk
sargo,,1944-04-26,1944,wazan_maru,cargo,4851,33-30N,135-27E,sunk
sargo,,1944-02-17,1944,nichiro_maru,passenger-cargo,6534,8-50N,135-57E,sunk
sargo,,1944-02-29,1944,uchide_maru,passenger-cargo,5275,8-57N,132-52E,sunk
sargo,,1943-06-13,1943,konan_maru,passenger-cargo,5226,6-05N,138-25E,sunk
sargo,,1943-11-11,1943,kosei_maru,passenger-cargo,3551,27-36N,130-32E,sunk
sargo,,1943-11-09,1943,taga_maru,cargo,2868,21-38N,131-19E,sunk
sargo,,1942-09-25,1942,teibo_maru,cargo,4472,10-31N,109-31E,sunk
saury,,1943-05-28,1943,akatsuki_maru,tanker,10216,27-32N,126-08E,sunk
saury,,1943-05-26,1943,kagi_maru,transport,2343,28-45N,129-37E,sunk
saury,,1943-05-30,1943,shoko_maru,cargo,5385,30-07N,124-32E,sunk
saury,,1943-05-30,1943,takamisan_maru,cargo,1992,30-07N,124-32E,sunk
saury,,1942-09-11,1942,kanto_maru,aircraft_ferry,8606,3-16S,118-29E,sunk
sawfish,,1943-12-08,1943,sansei_maru,passenger-cargo,3267,25-20N,141-46E,sunk
sawfish,,1943-05-05,1943,hakkai_maru,cargo,2921,34-11N,137-41E,sunk
sawfish,,1944-10-23,1944,kimikawa_maru,converted_seaplane_tender,6863,18-58N,118-31E,sunk
sawfish,,1944-10-09,1944,tachibana_maru,tanker,6521,19-33N,116-38E,sunk
scabbardfish,,1944-11-16,1944,kisaragi_maru,cargo,875,28-56N,141-59E,sunk
scamp,,1944-01-14,1944,nippon_maru,tanker,9975,5-02N,140-43E,sunk
scamp,,1943-05-28,1943,kamikawa_maru,converted_seaplane_tender,6853,1-36S,150-24E,sunk
scamp,,1943-11-10,1943,tokyo_maru,passenger-cargo,6486,3-36N,150-34E,sunk
scamp,,1943-09-18,1943,kansai_maru,passenger-cargo,8614,00-25N,146-21E,sunk
scorpion,,1943-04-20,1943,meiji_maru_no_1,converted_gunboat,1934,37-10N,141-25E,sunk
scorpion,,1943-04-27,1943,yuzan_maru,passenger-cargo,6380,38-08N,143-03E,sunk
scorpion,,1943-07-03,1943,anzan_maru,cargo,3890,38-08N,124-20E,sunk
scorpion,,1943-07-03,1943,kokuryu_maru,passenger-cargo,6112,38-08N,124-20E,sunk
sculpin,,1943-08-09,1943,sekko_maru,passenger-cargo,3183,24-51N,122-12E,sunk
sculpin,,1942-10-07,1942,naminoue_maru,transport,4731,3-51S,151-21E,sunk
sculpin,,1942-10-14,1942,sumiyoshi_maru,cargo,1921,3-20S,150-03E,sunk
seadevil,,1945-04-02,1945,edogawa_maru,cargo,1972,34-18N,124-04E,sunk
seadevil,,1945-04-02,1945,nisshin_maru,cargo,1179,34-18N,124-04E,sunk
seadevil,,1945-04-02,1945,taijo_maru,cargo,6866,34-18N,124-04E,sunk
seadevil,,1944-12-02,1944,akigawa_maru,cargo,6859,30-51N,128-45E,sunk
seadevil,,1944-12-02,1944,hawaii_maru,passenger-cargo,9467,30-51N,128-45E,sunk
seadevil,,1945-06-14,1945,wakamiyasan_maru,cargo,2211,37-38N,123-34E,sunk
seadog,,1945-04-16,1945,toko_maru,cargo,6850,33-24N,139-31E,sunk
seadog,,1945-06-15,1945,koan_maru,passenger-cargo,884,39-53N,139-40E,sunk
seadog,,1945-06-11,1945,kofuku_maru,cargo,753,40-28N,139-47E,sunk
seadog,,1945-06-19,1945,kokai_maru,cargo,1272,43-13N,140-19E,sunk
seadog,,1945-06-09,1945,sagawa_maru,cargo,1186,38-13N,138-43E,sunk
seadog,,1945-06-12,1945,shinsen_maru,cargo,880,40-09N,139-43E,sunk
seadog,,1945-06-09,1945,shoyo_maru,cargo,2211,38-11N,138-45E,sunk
seadog,,1944-10-22,1944,tomitsu_maru,converted_gunboat,2933,29-20N,129-45E,sunk
seadragon,,1944-04-23,1944,daiju_maru,cargo,1279,33-35N,135-45E,sunk
seadragon,,1942-02-02,1942,tamagawa_maru,passenger-cargo,6441,17-16N,119-48E,sunk
seadragon,,1942-07-16,1942,hakodate_maru,cargo,5302,12-55N,109-29E,sunk
seadragon,,1942-07-12,1942,hiyama_maru,cargo,6171,13-48N,109-33E,sunk
seadragon,,1942-07-13,1942,shinyo_maru,passenger-cargo,4163,13-04N,109-39E,sunk
seadragon,,1942-10-10,1942,shigure_maru,cargo,2445,1-01S,117-23E,sunk
seadragon,,1944-10-24,1944,eiko_maru,cargo,1843,20-10N,118-16E,sunk
seadragon,,1944-10-24,1944,kokuryu_maru,passenger-cargo,7369,20-33N,118-34E,sunk
seadragon,,1944-10-24,1944,taiten_maru,passenger-cargo,6442,20-31N,118-32E,sunk
seadragon,,1943-03-28,1943,suwa_maru,transport,10672,19-13N,166-34E,Sunk
seahorse,,1944-04-27,1944,akigawa_maru,cargo,5244,14-50N,142-23E,sunk
seahorse,,1944-04-08,1944,aratama_maru,converted_submarine_tender,6784,13-16N,144-45E,sunk
seahorse,,1944-04-09,1944,bisaku_maru,cargo,4467,15-22N,145-06E,sunk
seahorse,,1944-04-08,1944,kizugawa_maru,cargo,1915,13-16N,144-45E,sunk
seahorse,,1944-02-01,1944,toei_maru,cargo,4004,4-21N,143-16E,sunk
seahorse,,1944-01-21,1944,ikoma_maru,passenger-cargo,3156,3-19N,137-02E,sunk
seahorse,,1944-01-16,1944,nikko_maru,cargo,784,12-49N,150-19E,sunk
seahorse,,1944-01-30,1944,toko_maru,passenger-cargo,2747,6-10N,138-14E,sunk
seahorse,,1944-01-21,1944,yasukuni_maru,cargo,3025,3-19N,137-02E,sunk
seahorse,,1944-07-03,1944,gyoyu_maru,passenger-cargo,2232,19-28N,115-41E,sunk
seahorse,,1944-07-04,1944,kyodo_maru_no_28,cargo,1506,20-20N,114-54E,sunk
seahorse,,1944-07-03,1944,nitto_maru,cargo,2186,19-28N,115-41E,sunk
seahorse,,1944-06-27,1944,medan_maru,tanker,5135,21-21N,120-18E,sunk
seahorse,,1943-11-02,1943,chihaya_maru,cargo,7089,28-37N,134-47E,sunk
seahorse,,1943-11-22,1943,daishu_maru,cargo,3322,33-36N,128-35E,sunk
seahorse,,1943-11-27,1943,san_ramon_maru,tanker,7309,33-38N,129-05E,sunk
seahorse,,1943-11-02,1943,ume_maru,passenger-cargo,5859,28-37N,134-45E,sunk
seahorse,,1943-11-26,1943,unknown_maru,cargo,4000,33-36N,128-57E,sunk
seal,,1944-08-24,1944,tosei_maru,cargo,531,42-30N,144-05E,sunk
seal,,1941-12-23,1941,hayataka_maru,cargo,856,17-35N,120-12E,sunk
seal,,1942-05-28,1942,tatsufuku_maru,cargo,1946,7-27N,116-17E,sunk
seal,,1943-05-04,1943,san_clemente_maru,tanker,7354,6-54N,134-55E,sunk
seal,,1942-11-16,1942,boston_maru,transport,5477,6-18N,135-20E,sunk
seal,,1944-10-25,1944,hakuyo_maru,cargo,5742,50-17N,150-50E,sunk
seal,,1944-09-09,1944,shonan_maru,passenger-cargo,5859,47-58N,148-20E,sunk
sealionii,,1944-07-06,1944,setsuzan_maru,cargo,1922,29-59N,122-53E,sunk
sealionii,,1944-07-11,1944,taian_maru_no_2,cargo,1034,37-30N,124-32E,sunk
sealionii,,1944-07-11,1944,tsukushi_maru_no_2,cargo,2417,37-24N,124-31E,sunk
sealionii,,1944-06-28,1944,sansei_maru,cargo,2386,34-03N,129-00E,sunk
sealionii,,1944-09-12,1944,nankai_maru,passenger-cargo,8416,18-42N,114-30E,sunk
sealionii,,1944-09-12,1944,rakuyo_maru,passenger-cargo,9419,18-42N,114-30E,sunk
searaven,,1943-01-14,1943,shiraha_maru,cargo,5693,9-12N,130-38E,sunk
searaven,,1943-11-25,1943,toa_maru,tanker,10052,8-20N,158-00E,sunk
searaven,,1944-09-21,1944,rizan_maru,cargo,4747,49-16N,145-29E,sunk
searobin,,1945-01-06,1945,tarakan_maru,tanker,5135,19-40N,111-24E,sunk
searobin,,1945-07-10,1945,sakishima_maru,cargo,1224,33-39N,126-40E,sunk
searobin,,1945-03-05,1945,manyo_maru,converted_gunboat,2904,5-56S,113-45E,sunk
searobin,,1945-03-05,1945,nagara_maru,cargo,856,5-41S,114-01E,sunk
searobin,,1945-03-05,1945,shoyu_maru,cargo,853,5-42S,114-02E,sunk
searobin,,1945-03-03,1945,suiten_maru,cargo,2500,6-29S,112-48E,sunk
seawolf,,1943-04-15,1943,kaihei_maru,cargo,4575,21-06N,151-45E,sunk
seawolf,,1942-08-14,1942,hachigen_maru,passenger-cargo,3113,5-07N,119-37E,sunk
seawolf,,1942-08-25,1942,showa_maru,cargo,1349,3-55N,118-59E,probably sunk
seawolf,,1943-08-31,1943,kokko_maru,cargo,5486,28-27N,123-03E,sunk
seawolf,,1943-08-31,1943,shoto_maru,passenger-cargo,5254,28-27N,123-03E,sunk
seawolf,,1944-01-10,1944,asuka_maru,cargo,7523,27-35N,127-30E,sunk
seawolf,,1944-01-10,1944,getsuyo_maru,cargo,6440,27-22N,127-31E,sunk
seawolf,,1944-01-11,1944,yahiko_maru,cargo,5747,27-10N,127-28E,sunk
seawolf,,1944-01-14,1944,yamatsuru_maru,cargo,3651,28-30N,133-40E,sunk
seawolf,,1942-06-15,1942,nampo_maru,converted_gunboat,1206,14-20N,120-20E,sunk
seawolf,,1943-06-20,1943,shojin_maru,cargo,4739,24-39N,118-52E,sunk
seawolf,,1942-11-02,1942,gifu_maru,cargo,2933,6-14N,126-07E,sunk
seawolf,,1942-11-08,1942,keiko_maru,converted_gunboat,2929,6-22N,126-03E,sunk
seawolf,,1942-11-03,1942,sagami_maru,passenger-cargo,7189,7-02N,125-33E,sunk
seawolf,,1943-11-04,1943,kaifuku_maru,passenger-cargo,3177,21-22N,113-20E,sunk
seawolf,,1943-10-29,1943,wuhu_maru,cargo,3222,22-30N,115-25E,sunk
seawolf,,1943-09-01,1943,fusei_maru,passenger-cargo,2256,31-28N,127-24E,sunk
seawolf,,1944-01-17,1944,tarushima_maru,cargo,4865,22-45N,135-00E,Sunk
segundo,,1945-06-11,1945,fukui_maru_no_2,cargo,1578,37-11N,123-23E,sunk
segundo,,1945-03-11,1945,shori_maru,cargo,3087,34-29N,127-55E,sunk
segundo,,1944-12-06,1944,kenjo_maru,cargo,6933,18-57N,120-58E,Sunk
sennet,,1945-04-19,1945,hagane_maru,cargo,1901,33-35N,135-23E,sunk
sennet,,1945-07-28,1945,hagikawa_maru,cargo,2995,40-17N,139-50E,sunk
sennet,,1945-07-28,1945,hakuei_maru,tanker,2863,39-53N,139-43E,sunk
sennet,,1945-07-28,1945,unkai_maru_no_15,cargo,1208,39-53N,139-43E,sunk
sennet,,1945-07-30,1945,yuzan_maru,passenger-cargo,6039,42-36N,139-48E,sunk
shad,,1945-06-07,1945,azusa_maru,cargo,1370,34-00N,126-45E,sunk
shad,,1945-05-17,1945,chosan_maru,cargo,3939,35-41N,126-17E,sunk
shad,,1943-10-27,1943,fuji_maru,transport,9138,28-25N,128-04E,Sunk
shark,,1944-06-02,1944,chiyo_maru,cargo,4700,20-53N,140-17E,sunk
shark,,1944-06-04,1944,katsukawa_maru,cargo,6886,19-35N,138-43E,sunk
shark,,1944-06-05,1944,takaoka_maru,passenger-cargo,7006,17-37N,140-32E,sunk
shark,,1944-06-05,1944,tamahime_maru,cargo,3080,17-37N,140-32E,sunk
silversides,,1942-08-08,1942,nikkei_maru,passenger-cargo,5811,33-33N,135-23E,sunk
silversides,,1943-12-29,1943,ryuto_maru,cargo,3311,8-00N,133-51E,sunk
silversides,,1943-12-29,1943,shichisei_maru,cargo,1911,8-03N,134-04E,sunk
silversides,,1943-12-29,1943,tenposan_maru,cargo,1970,8-00N,133-51E,sunk
silversides,,1943-01-20,1943,meiu_maru,cargo,8230,3-52N,153-56E,sunk
silversides,,1943-01-20,1943,somedono_maru,passenger-cargo,5154,3-52N,153-56E,sunk
silversides,,1943-01-20,1943,surabaya_maru,cargo,4391,3-52N,153-56E,sunk
silversides,,1943-01-18,1943,toei_maru,tanker,10023,6-21N,150-23E,sunk
silversides,,1945-01-25,1945,malay_maru,cargo,4556,31-18N,130-08E,sunk
silversides,,1942-07-28,1942,unknown_maru,transport,4000,33-21N,139-24E,sunk
silversides,,1943-06-11,1943,hide_maru,cargo,5256,2-47N,152-00E,sunk
silversides,,1944-03-16,1944,kofuku_maru,cargo,1920,4-28N,135-56E,sunk
silversides,,1942-05-17,1942,unknown_maru,cargo,4000,33-28N,135-33E,sunk
silversides,,1944-05-10,1944,choan_maru_no_2,converted_gunboat,2631,11-26N,143-46E,sunk
silversides,,1944-05-29,1944,horaizan_maru,cargo,1999,16-23N,144-59E,sunk
silversides,,1944-05-10,1944,mikage_maru_no_18,passenger-cargo,4319,11-26N,143-46E,sunk
silversides,,1944-05-10,1944,okinawa_maru,cargo,2254,11-26N,143-46E,sunk
silversides,,1944-05-29,1944,shoken_maru,cargo,1949,16-23N,144-59E,sunk
silversides,,1944-05-20,1944,shosei_maru,converted_gunboat,998,13-32N,144-36E,sunk
silversides,,1943-10-24,1943,johore_maru,passenger-cargo,6182,2-05N,144-39E,sunk
silversides,,1943-10-24,1943,kazan_maru,cargo,1893,2-05N,144-39E,sunk
silversides,,1943-10-18,1943,tairin_maru,cargo,1915,1-00N,143-16E,sunk
silversides,,1943-10-24,1943,tennan_maru,cargo,5407,2-05N,144-39E,sunk
skate,,1944-07-15,1944,miho_maru,cargo,515,48-07N,148-06E,sunk
skate,,1944-07-16,1944,nippon_maru,cargo,1942,48-12N,148-03E,sunk
skate,,1945-06-12,1945,kenjo_maru,cargo,3142,37-07N,136-42E,sunk
skate,,1945-06-12,1945,yozan_maru,cargo,1227,37-07N,136-42E,sunk
skate,,1945-06-12,1945,zuiko_maru,cargo,887,37-07N,136-42E,sunk
skate,,1944-09-29,1944,ekisan_maru,cargo,3690,27-12N,128-18E,sunk
skipjack,,1944-01-26,1944,okitsu_maru,converted_seaplane_tender,6666,9-22N,157-26E,sunk
skipjack,,1942-05-08,1942,bujun_maru,cargo,4804,12-00N,111-10E,sunk
skipjack,,1942-05-06,1942,kanan_maru,cargo,2567,12-05N,109-35E,sunk
skipjack,,1942-05-17,1942,tazan_maru,passenger-cargo,5478,6-22N,108-36E,sunk
skipjack,,1942-10-14,1942,shunko_maru,cargo,6781,5-35N,144-25E,sunk
snapper,,1943-11-29,1943,kenryu_maru,cargo,4575,33-19N,139-34E,sunk
snapper,,1944-10-01,1944,seian_maru,passenger-cargo,1990,28-11N,139-30E,sunk
snapper,,1943-01-26,1943,tokai_maru,passenger-cargo,8358,13-27N,144-37E,Sunk
snook,,1944-02-15,1944,hoshi_maru_no_2,cargo,875,34-23N,128-12E,sunk
snook,,1944-02-23,1944,koyo_maru,passenger-cargo,5471,28-58N,141-15E,sunk
snook,,1944-02-08,1944,lima_maru,cargo,6989,32-18N,129-20E,sunk
snook,,1944-02-14,1944,nittoku_maru,cargo,3591,33-48N,128-49E,sunk
snook,,1944-01-23,1944,magane_maru,converted_gunboat,3120,29-49N,140-07E,sunk
snook,,1943-07-04,1943,koki_maru,cargo,5290,28-40N,124-10E,sunk
snook,,1943-07-04,1943,liverpool_maru,cargo,5865,28-40N,124-10E,sunk
snook,,1943-05-05,1943,daifuku_maru,cargo,3194,38-39N,122-36E,sunk
snook,,1943-05-05,1943,kinko_maru,cargo,1268,38-39N,122-36E,sunk
snook,,1943-05-07,1943,tosei_maru,cargo,4363,36-05N,123-21E,sunk
snook,,1943-11-29,1943,shiganoura_maru,cargo,3512,18-38N,139-35E,sunk
snook,,1943-11-29,1943,yamafuku_maru,passenger-cargo,4928,18-37N,139-45E,sunk
snook,,1944-10-24,1944,arisan_maru,cargo,6886,20-31N,118-32E,sunk
snook,,1944-10-24,1944,kikusui_maru,tanker,3887,20-54N,118-19E,sunk
snook,,1944-10-23,1944,shinsei_maru_no_1,passenger-cargo,5863,19-44N,118-25E,sunk
snook,,1943-09-22,1943,katsurahama_maru,cargo,715,39-11N,123-20E,sunk
snook,,1943-09-13,1943,yamato_maru,transport,9656,30-06N,123-33E,sunk
spadefish,,1944-08-22,1944,hakko_maru_no_2,tanker,10023,18-48N,120-48E,sunk
spadefish,,1944-08-19,1944,tamatsu_maru,passenger-cargo,9589,18-49N,119-47E,sunk
spadefish,,1945-02-06,1945,shohei_maru,passenger-cargo,1092,38-44N,121-23E,sunk
spadefish,,1945-02-04,1945,tairai_maru,passenger-cargo,4273,37-18N,125-22E,sunk
spadefish,,1945-01-28,1945,sanuki_maru,converted_seaplane_tender,7158,33-56N,123-06E,sunk
spadefish,,1945-06-10,1945,daigen_maru_no_2,passenger-cargo,1999,43-21N,140-40E,sunk
spadefish,,1945-06-17,1945,eijo_maru,cargo,2274,42-38N,139-49E,sunk
spadefish,,1945-06-10,1945,jintsu_maru,passenger-cargo,994,43-28N,140-28E,sunk
spadefish,,1945-06-14,1945,seizan_maru,passenger-cargo,2018,47-03N,142-01E,sunk
spadefish,,1945-06-10,1945,unkai_maru_no_8,passenger-cargo,1293,43-23N,140-32E,sunk
spadefish,,1945-03-23,1945,doryo_maru,cargo,2274,29-31N,127-41E,sunk
spadefish,,1944-11-29,1944,daiboshi_maru_no_6,cargo,3925,37-17N,125-11E,sunk
spadefish,,1944-11-14,1944,gyokuyo_maru,cargo,5396,31-04N,123-56E,sunk
spadefish,,1944-09-08,1944,nichian_maru,cargo,6197,24-46N,123-15E,sunk
spadefish,,1944-09-08,1944,nichiman_maru,cargo,1922,24-46N,123-15E,sunk
spadefish,,1944-09-08,1944,shinten_maru,cargo,1254,24-39N,123-31E,sunk
spadefish,,1944-09-08,1944,shokei_maru,cargo,2557,24-39N,123-31E,sunk
spearfish,,1942-04-25,1942,toba_maru,cargo,6995,17-01N,120-15E,probably sunk
spearfish,,1942-04-17,1942,unknown_maru,cargo,4000,10-53N,121-35E,sunk
spearfish,,1944-01-30,1944,tamashima_maru,passenger-cargo,3560,21-15N,149-18E,sunk
spearfish,,1944-05-06,1944,toyoura_maru,cargo,2510,32-16N,127-08E,sunk
spot,,1945-03-17,1945,nanking_maru,passenger-cargo,3005,25-34N,120-01E,sunk
steelhead,,1944-01-10,1944,yamabiko_maru,converted_salvage_vessel,6795,31-28N,137-44E,sunk
steelhead,,1944-07-31,1944,dakar_maru,cargo,7169,18-57N,120-50E,sunk
steelhead,,1944-07-31,1944,fuso_maru,transport,8195,18-57N,120-50E,sunk
steelhead,,1944-07-31,1944,yoshino_maru,transport,8990,19-10N,120-58E,Sunk
sterlet,,1945-03-01,1945,tateyama_maru,cargo,1148,34-11N,139-43E,sunk
sterlet,,1945-05-29,1945,kuretake_maru,cargo,1924,46-36N,144-22E,sunk
sterlet,,1945-05-29,1945,tenryo_maru,cargo,2231,46-36N,144-22E,sunk
sterlet,,1944-10-25,1944,jinei_maru,tanker,10500,30-15N,129-45E,sunk
sterlet,,1944-10-30,1944,takane_maru,tanker,10021,30-14N,132-50E,Sunk
stingray,,1942-01-10,1942,harbin_maru,transport,5167,17-40N,109-20E,sunk
stingray,,1942-06-28,1942,saikyo_maru,converted_gunboat,1292,12-41N,136-22E,sunk
stingray,,1944-03-30,1944,ikushima_maru,cargo,3943,20-42N,143-00E,sunk
stingray,,1943-05-02,1943,tamon_maru,cargo,8156,27-18N,121-38E,sunk
sturgeon,,1944-01-24,1944,chosen_maru,cargo,3110,32-25N,133-00E,sunk
sturgeon,,1944-01-11,1944,erie_maru,cargo,5493,32-56N,132-02E,sunk
sturgeon,,1942-07-01,1942,montevideo_maru,transport,7267,18-37N,119-29E,sunk
sturgeon,,1944-07-03,1944,tairin_maru,cargo,6862,38-52N,129-56E,sunk
sturgeon,,1944-06-29,1944,toyama_maru,passenger-cargo,7089,27-41N,129-09E,sunk
sturgeon,,1942-03-30,1942,choko_maru,cargo,842,5-39S,119-00E,sunk
sturgeon,,1944-05-11,1944,seiryu_maru,cargo,1904,29-30N,141-40E,sunk
sturgeon,,1942-10-01,1942,katsuragi_maru,aircraft_ferry,8033,5-15S,153-18E,sunk
sunfish,,1945-04-19,1945,kaiho_maru,cargo,1093,42-22N,142-16E,sunk
sunfish,,1945-04-16,1945,manryu_maru,cargo,1620,39-36N,142-05E,sunk
sunfish,,1945-04-19,1945,taisei_maru,cargo,1948,42-23N,142-13E,sunk
sunfish,,1943-08-13,1943,edo_maru,converted_gunboat,1299,23-24N,142-26E,sunk
sunfish,,1944-02-23,1944,kunishima_maru,cargo,4083,15-23N,145-02E,sunk
sunfish,,1944-02-23,1944,shinyubari_maru,cargo,5354,15-17N,145-03E,sunk
sunfish,,1944-07-05,1944,shinmei_maru,passenger-cargo,2577,51-35N,156-30E,sunk
sunfish,,1944-07-09,1944,taihei_maru,cargo,6284,51-17N,155-34E,sunk
sunfish,,1943-03-13,1943,kosei_maru,cargo,3262,29-04N,129-17E,sunk
sunfish,,1944-11-30,1944,dairen_maru,transport,3748,38-06N,124-39E,sunk
sunfish,,1944-11-17,1944,edogawa_maru,cargo,6968,33-31N,124-32E,sunk
sunfish,,1944-11-18,1944,seish_maru,passenger-cargo,5463,33-36N,124-18E,sunk
sunfish,,1943-09-04,1943,kozan_maru,passenger-cargo,4180,22-22N,120-04E,sunk
sunfish,,1944-09-10,1944,chihaya_maru,tanker,4701,33-52N,127-41E,sunk
sunfish,,1944-09-13,1944,etashima_maru,cargo,6435,35-04N,124-49E,sunk
swordfish,,1943-08-22,1943,nishiyama_maru,cargo,3016,2-40N,137-10E,sunk
swordfish,,1941-12-16,1941,atsutasan_maru,cargo,8662,18-06N,109-44E,sunk
swordfish,,1942-01-24,1942,myoken_maru,cargo,4124,1-22N,125-05E,sunk
swordfish,,1943-01-19,1943,myoho_maru,cargo,4122,5-30S,156-00E,sunk
swordfish,,1944-01-16,1944,delhi_maru,converted_gunboat,2182,34-04N,139-56E,sunk
swordfish,,1944-01-27,1944,kasagi_maru,converted_salvage_vessel,3140,33-31N,139-36E,sunk
swordfish,,1944-01-14,1944,yamakuni_maru,passenger-cargo,6921,33-16N,139-30E,sunk
swordfish,,1942-06-12,1942,burma_maru,cargo,4584,10-08N,102-34E,sunk
swordfish,,1944-06-15,1944,kanseishi_maru,cargo,4804,29-30N,141-11E,sunk
swordfish,,1942-05-29,1942,unknown_maru,cargo,1900,7-33N,116-18E,sunk
swordfish,,1943-09-05,1943,tenkai_maru,cargo,3203,1-10N,142-10E,sunk
tambor,,1942-08-21,1942,shinsei_maru_no_6,passenger-cargo,4928,6-45N,158-10E,sunk
tambor,,1944-08-13,1944,toei_maru,cargo,2324,48-56N,149-03E,sunk
tambor,,1944-02-03,1944,ariake_maru,cargo,5000,29-11N,124-45E,sunk
tambor,,1944-02-03,1944,goyo_maru,tanker,8496,29-11N,124-45E,sunk
tambor,,1944-02-12,1944,ronsan_maru,passenger-cargo,2735,27-43N,128-35E,sunk
tambor,,1944-01-29,1944,shuntai_maru,cargo,2253,27-22N,128-29E,sunk
tambor,,1945-06-02,1945,eika_maru,passenger-cargo,1248,20-30N,107-57E,sunk
tambor,,1943-05-29,1943,eisho_maru,cargo,2486,17-35N,110-45E,sunk
tambor,,1944-05-26,1944,chiyo_maru,cargo,657,20-30N,141-45E,sunk
tambor,,1942-11-03,1942,chikugo_maru,cargo,2461,20-18N,108-39E,sunk
tang,,1944-08-11,1944,roko_maru,cargo,3328,34-12N,136-19E,sunk
tang,,1944-08-23,1944,tsukushi_maru,transport,8135,34-37N,137-50E,sunk
tang,,1944-02-25,1944,choko_maru,cargo,1794,15-50N,144-21E,sunk
tang,,1944-02-24,1944,echizen_maru,cargo,2424,15-16N,143-12E,sunk
tang,,1944-02-22,1944,fukuyama_maru,passenger-cargo,3581,14-47N,144-50E,sunk
tang,,1944-02-17,1944,gyoten_maru,cargo,6854,8-04N,149-28E,sunk
tang,,1944-02-23,1944,yamashimo_maru,cargo,6776,14-45N,144-32E,sunk
tang,,1944-07-04,1944,asukazan_maru,cargo,6886,35-22N,125-56E,sunk
tang,,1944-07-06,1944,dori_maru,cargo,1469,38-40N,123-40E,sunk
tang,,1944-07-01,1944,taiun_maru_no_2,cargo,998,34-33N,125-12E,sunk
tang,,1944-07-01,1944,takatori_maru_no_1,tanker,878,34-27N,123-46E,sunk
tang,,1944-07-04,1944,yamaoka_maru,cargo,6932,36-05N,125-48E,sunk
tang,,1944-06-24,1944,kennichi_maru,cargo,1938,32-30N,129-35E,sunk
tang,,1944-06-24,1944,nasusan_maru,passenger-cargo,4399,32-30N,129-35E,sunk
tang,,1944-06-30,1944,nikkin_maru,cargo,5705,35-03N,125-08E,sunk
tang,,1944-06-24,1944,tainan_maru,cargo,3175,32-30N,129-35E,sunk
tang,,1944-06-24,1944,tamahoko_maru,passenger-cargo,6780,32-30N,129-35E,sunk
tang,,1944-10-25,1944,kogen_maru,cargo,6600,25-06N,119-31E,sunk
tang,,1944-10-25,1944,matsumoto_maru,cargo,7024,25-06N,119-31E,sunk
tang,,1944-10-11,1944,oita_maru,cargo,711,25-40N,121-30E,sunk
tang,,1944-10-23,1944,tatsuju_maru,cargo,1944,24-57N,120-25E,sunk
tang,,1944-10-23,1944,toun_maru,cargo,1915,24-57N,120-25E,sunk
tang,,1944-10-23,1944,wakatake_maru,cargo,1920,24-57N,120-25E,sunk
tarpon,,1943-02-01,1943,fushimi_maru,passenger-cargo,10935,34-16N,138-17E,sunk
tarpon,,1943-02-08,1943,tatsuta_maru,transport,16975,33-45N,140-25E,sunk
tautog,,1943-04-09,1943,penang_maru,cargo,5214,5-29S,123-02E,sunk
tautog,,1942-08-06,1942,ohio_maru,passenger-cargo,5872,13-51N,113-15E,sunk
tautog,,1944-08-02,1944,konei_maru,cargo,1922,33-57N,136-20E,sunk
tautog,,1942-12-25,1942,banshu_maru_no_2,cargo,1000,9-00S,124-00E,sunk
tautog,,1943-01-22,1943,hasshu_maru,passenger-cargo,1873,5-40S,120-35E,sunk
tautog,,1944-01-03,1944,saishu_maru,cargo,2082,33-44N,136-02E,sunk
tautog,,1944-01-04,1944,usa_maru,cargo,3943,34-09N,136-50E,sunk
tautog,,1945-01-20,1945,shuri_maru,motor_torpedo_boat_tender,1857,33-37N,128-40E,sunk
tautog,,1944-07-08,1944,matsu_maru,cargo,887,40-56N,141-27E,sunk
tautog,,1943-06-20,1943,meiten_maru,cargo,4474,15-57N,140-55E,sunk
tautog,,1943-06-06,1943,shinei_maru,cargo,973,7-00N,123-37E,sunk
tautog,,1944-03-16,1944,nichiren_maru,passenger-cargo,5460,42-25N,144-55E,sunk
tautog,,1944-03-13,1944,ryua_maru,cargo,1925,47-41N,152-41E,sunk
tautog,,1944-03-13,1944,shojin_maru,cargo,1942,47-41N,152-41E,sunk
tautog,,1942-05-25,1942,shoka_maru,cargo,4467,4-07N,143-32E,sunk
tautog,,1944-05-12,1944,banei_maru_no_2,cargo,1186,40-01N,141-58E,sunk
tautog,,1944-05-03,1944,fushimi_maru,passenger-cargo,4935,45-28N,149-56E,sunk
tautog,,1944-05-08,1944,miyazaki_maru,passenger-cargo,3944,41-49N,141-12E,sunk
tautog,,1944-05-02,1944,ryoyo_maru,passenger-cargo,5973,48-04N,153-16E,sunk
tautog,,1942-10-27,1942,unknown_maru,passenger-cargo,4000,10-20N,108-43E,sunk
tench,,1945-06-09,1945,kamishika_maru,cargo,2857,41-52N,141-08E,sunk
tench,,1945-06-02,1945,mikamisan_maru,cargo,861,41-22N,141-28E,sunk
tench,,1945-06-04,1945,ryujin_maru,cargo,517,40-54N,141-29E,sunk
tench,,1945-06-10,1945,shoei_maru_no_6,tanker,834,41-20N,141-29E,sunk
threadfin,,1945-01-30,1945,issei_maru,passenger-cargo,1864,33-30N,135-31E,sunk
thresher,,1942-04-10,1942,sado_maru,cargo,3039,34-52N,139-15E,sunk
thresher,,1942-12-29,1942,hachian_maru,cargo,2733,4-45S,113-54E,sunk
thresher,,1943-02-21,1943,kuwayama_maru,cargo,5724,7-53S,119-13E,sunk
thresher,,1944-01-27,1944,kikuzuki_maru,cargo,1266,22-11N,119-12E,sunk
thresher,,1944-01-27,1944,kosei_maru,cargo,2205,22-11N,119-12E,sunk
thresher,,1944-01-15,1944,tatsuno_maru,cargo,6960,19-45N,120-40E,sunk
thresher,,1944-01-15,1944,toho_maru,cargo,4092,19-45N,120-40E,sunk
thresher,,1942-07-09,1942,shinsho_maru,motor_torpedo_boat_tender,4836,8-43N,167-33E,sunk
thresher,,1943-07-01,1943,yoneyama_maru,passenger-cargo,5274,00-20N,119-32E,sunk
thresher,,1944-07-17,1944,sainei_maru,cargo,4916,19-04N,119-26E,sunk
thresher,,1944-07-17,1944,shozan_maru,cargo,2838,19-04N,119-26E,sunk
thresher,,1943-03-02,1943,toen_maru,tannker,5232,3-29S,117-17E,sunk
thresher,,1943-11-13,1943,muko_maru,transport,4862,8-57N,152-36E,sunk
thresher,,1942-10-31,1942,unknown_maru,cargo,3000,4-40S,118-54E,probably sunk
thresher,,1944-09-18,1944,gyoku_maru,cargo,6854,35-05N,124-24E,sunk
thresher,,1944-09-26,1944,koetsu_maru,cargo,873,37-13N,123-48E,sunk
thresher,,1944-09-25,1944,nissei_maru,cargo,1468,37-32N,124-33E,sunk
tinosa,,1943-12-03,1943,azuma_maru,passenger-cargo,6646,6-29N,131-28E,sunk
tinosa,,1944-02-16,1944,chojo_maru,transport,2610,9-15N,127-05E,sunk
tinosa,,1944-02-15,1944,odatsuki_maru,cargo,1988,10-03N,126-54E,sunk
tinosa,,1944-01-22,1944,koshin_maru,passenger-cargo,5485,7-22N,115-05E,sunk
tinosa,,1944-01-22,1944,seinan_maru,cargo,5401,7-22N,115-05E,sunk
tinosa,,1944-07-03,1944,kamo_maru,passenger-cargo,7954,32-24N,128-46E,sunk
tinosa,,1944-07-03,1944,konsan_maru,passenger-cargo,2733,32-24N,128-46E,sunk
tinosa,,1945-06-20,1945,kaisei_maru,cargo,884,35-39N,130-29E,sunk
tinosa,,1945-06-12,1945,keito_maru,cargo,880,37-47N,129-10E,sunk
tinosa,,1945-06-20,1945,taito_maru,cargo,2726,36-04N,130-26E,sunk
tinosa,,1945-06-09,1945,wakatama_maru,cargo,2211,37-32N,129-10E,sunk
tinosa,,1944-05-04,1944,taibu_maru,cargo,6440,20-54N,118-14E,sunk
tinosa,,1944-05-04,1944,toyohi_maru,cargo,6436,20-51N,118-02E,sunk
tinosa,,1943-11-22,1943,kiso_maru,cargo,4071,7-09N,134-34E,sunk
tinosa,,1943-11-26,1943,shini_maru,cargo,3811,6-56N,134-38E,sunk
tinosa,,1943-11-22,1943,yamato_maru,cargo,4379,7-09N,134-34E,sunk
tirante,,1945-04-14,1945,juzan_maru,passenger-cargo,3943,33-25N,126-15E,sunk
tirante,,1945-04-09,1945,nikko_maru,transport,5057,36-50N,123-55E,sunk
tirante,,1945-07-08,1945,saitsu_maru,passenger-cargo,1045,38-48N,121-28E,sunk
tirante,,1945-06-11,1945,hakuju_maru,cargo,2220,32-37N,129-45E,sunk
tirante,,1945-03-25,1945,fuji_maru,tanker,703,31-08N,130-30E,sunk
tirante,,1945-03-28,1945,nase_maru,cargo,1218,32-15N,129-55E,sunk
torsk,,1945-08-13,1945,kaiho_maru,cargo,873,36-16N,136-08E,sunk
trepang,,1945-04-30,1945,miho_maru,cargo,4667,34-20N,123-58E,sunk
trepang,,1944-12-06,1944,banshu_maru_no_31,cargo,748,18-54N,120-49E,sunk
trepang,,1944-12-06,1944,fukuyo_maru,cargo,5463,18-59N,121-05E,sunk
trepang,,1944-12-06,1944,jinyo_maru,cargo,6862,18-54N,120-49E,sunk
trepang,,1945-02-24,1945,ukuki_maru,cargo,875,33-58N,136-18E,sunk
trepang,,1945-07-07,1945,koun_maru_no_2,passenger-cargo,606,41-21N,141-28E,sunk
trepang,,1945-03-03,1945,nissho_maru_no_2,converted_gunboat,1386,34-05N,139-54E,sunk
trepang,,1944-10-01,1944,takunan_maru,cargo,751,30-32N,138-17E,sunk
trigger,,1944-04-27,1944,miike_maru,passenger-cargo,11739,8-20N,134-53E,sunk
trigger,,1942-12-22,1942,teifuku_maru,cargo,5198,34-52N,139-49E,sunk
trigger,,1944-01-31,1944,yasukuni_maru,converted_submarine_tender,11933,9-21N,147-02E,sunk
trigger,,1943-06-01,1943,noborikawa_maru,cargo,2182,35-02N,140-14E,sunk
trigger,,1943-03-15,1943,momoha_maru,cargo,3103,00-00N,145-00E,sunk
trigger,,1945-03-18,1945,tsukushi_maru_no_3,cargo,1012,28-05N,126-44E,sunk
trigger,,1943-11-02,1943,delagoa_maru,passenger-cargo,7148,28-55N,134-43E,sunk
trigger,,1943-11-21,1943,eizan_maru,cargo,1681,36-40N,125-31E,sunk
trigger,,1943-11-13,1943,nachisan_maru,passenger-cargo,4433,32-57N,125-06E,sunk
trigger,,1943-11-02,1943,yawata_maru,cargo,1852,28-49N,134-50E,sunk
trigger,,1942-10-17,1942,holland_maru,cargo,5869,32-21N,132-04E,sunk
trigger,,1943-09-21,1943,argun_maru,cargo,6662,26-27N,122-40E,sunk
trigger,,1943-09-21,1943,shoyo_maru,tanker,7498,26-27N,122-40E,sunk
trigger,,1943-09-18,1943,yowa_maru,cargo,6435,27-31N,126-57E,sunk
trigger,,1944-10-30,1944,takane_maru,tanker,10021,30-14N,132-50E,Sunk
triton,,1942-04-23,1942,unknown_maru,trawler,1000,28-22N,153-18E,probably sunk
triton,,1942-12-24,1942,amakasu_maru_no_1,water_carrier,1913,19-16N,166-37E,sunk
triton,,1942-12-28,1942,omi_maru,passenger-cargo,3393,6-23N,160-17E,sunk
triton,,1942-02-17,1942,shinyo_maru_no_5,cargo,1498,32-14N,127-14E,sunk
triton,,1942-02-21,1942,shokyu_maru,cargo,4484,32-10N,126-28E,sunk
triton,,1943-03-06,1943,kiriha_maru,cargo,3057,00-00N,145-00E,sunk
triton,,1942-05-01,1942,calcutta_maru,passenger-cargo,5339,28-07N,123-45E,sunk
triton,,1942-05-06,1942,taiei_maru,cargo,2209,28-42N,123-50E,sunk
triton,,1942-05-06,1942,taigen_maru,passenger-cargo,5660,28-19N,123-38E,sunk
trout,,1942-02-10,1942,chuwa_maru,cargo,2719,25-30N,122-38E,sunk
trout,,1943-02-14,1943,hirotama_maru,converted_gunboat,1911,4-11S,117-45E,sunk
trout,,1944-02-29,1944,sakito_maru,passenger-cargo,7126,22-40N,131-50E,sunk
trout,,1943-01-21,1943,unknown_maru,cargo,2984,11-25N,109-22E,sunk
trout,,1943-07-02,1943,isuzu_maru,cargo,2866,13-36N,121-49E,sunk
trout,,1943-06-15,1943,sanraku_maru,tanker,3000,5-09N,119-38E,sunk
trout,,1942-05-04,1942,kongosan_maru,converted_gunboat,2119,33-32N,136-05E,sunk
trout,,1942-05-02,1942,uzan_maru,cargo,5014,33-26N,135-52E,sunk
trout,,1942-09-21,1942,koei_maru,converted_net_tendner,863,6-54N,151-51E,sunk
trout,,1943-09-23,1943,ryotoku_maru,cargo,3483,21-17N,142-00E,sunk
trout,,1943-09-23,1943,yamashiro_maru,passenger-cargo,3429,21-17N,143-00E,sunk
tullibee,,1943-08-22,1943,kaisho_maru,passenger-cargo,4164,10-09N,147-25E,sunk
tullibee,,1944-01-31,1944,hiro_maru,converted_net_tender,549,15-23N,145-35E,sunk
tullibee,,1943-10-15,1943,chicago_maru,passenger-cargo,5866,24-35N,120-31E,sunk
tuna,,1943-12-12,1943,tosei_maru,cargo,5484,2-44N,126-14E,sunk
tuna,,1942-03-04,1942,unknown_maru,cargo,4000,32-33N,133-26E,sunk
tuna,,1943-03-30,1943,kurohime_maru,cargo,4697,00-22S,147-46E,sunk
tuna,,1942-05-15,1942,toyohara_maru,cargo,805,33-34N,125-09E,sunk
tunny,,1943-04-07,1943,kosei_maru,passenger-cargo,8237,8-50N,147-06E,sunk
tunny,,1943-04-02,1943,toyo_maru_no_2,cargo,4163,7-23N,149-13E,sunk
tunny,,1943-02-08,1943,kusuyama_maru,cargo,5306,22-40N,119-12E,sunk
tunny,,1943-06-28,1943,shotoku_maru,converted_gunboat,1964,14-10N,145-03E,sunk
tunny,,1944-05-17,1944,nichiwa_maru,cargo,4955,14-45N,142-40E,sunk
tunny,,1943-03-28,1943,suwa_maru,transport,10672,19-13N,166-34E,Sunk
wahoo,,1942-12-10,1942,kamoi_maru,cargo,5355,4-56S,154-58E,sunk
wahoo,,1943-01-26,1943,buyo_maru,transport,5447,1-55N,139-14E,sunk
wahoo,,1943-01-26,1943,fukuei_maru_no_2,cargo,1901,1-55N,139-14E,sunk
wahoo,,1943-01-26,1943,unknown_maru,cargo,4000,2-37N,139-42E,sunk
wahoo,,1943-03-21,1943,hozan_maru,cargo,2260,38-11N,124-33E,sunk
wahoo,,1943-03-19,1943,kowa_maru,transport,3217,38-27N,122-18E,sunk
wahoo,,1943-03-21,1943,nittsu_maru,cargo,2183,38-05N,124-33E,sunk
wahoo,,1943-03-25,1943,satsuki_maru,cargo,827,38-10N,123-26E,sunk
wahoo,,1943-03-24,1943,takaosan_maru,cargo,2076,39-01N,122-25E,sunk
wahoo,,1943-03-23,1943,unknown_maru,cargo,2427,38-37N,121-01E,sunk
wahoo,,1943-03-25,1943,unknown_maru,cargo,2556,38-13N,123-24E,sunk
wahoo,,1943-03-29,1943,yamabato_maru,cargo,2556,30-26N,129-41E,sunk
wahoo,,1943-03-19,1943,zogen_maru,cargo,1428,38-29N,122-19E,sunk
wahoo,,1943-05-09,1943,jinmu_maru,cargo,1912,38-57N,141-49E,sunk
wahoo,,1943-05-09,1943,takao_maru,passenger-cargo,3204,38-57N,141-49E,sunk
wahoo,,1943-05-07,1943,tamon_maru_no_5,passenger-cargo,5260,40-05N,141-53E,sunk
wahoo,,1943-10-06,1943,kanko_maru,passenger-cargo,1288,37-18N,129-33E,sunk
wahoo,,1943-10-09,1943,kanko_maru,cargo,2995,37-18N,129-33E,sunk
wahoo,,1943-10-05,1943,konron_maru,transport,7908,34-00N,130-00E,sunk
wahoo,,1943-09-29,1943,masaki_maru_no_2,cargo,1238,40-00N,130-00E,sunk
whale,,1944-04-09,1944,honan_maru,cargo,5401,33-50N,128-01E,sunk
whale,,1943-08-08,1943,naruto_maru,aircraft_ferry,7149,24-12N,142-51E,sunk
whale,,1943-01-17,1943,heiyo_maru,passenger-cargo,9815,10-13N,151-25E,sunk
whale,,1943-01-13,1943,iwashiro_maru,cargo,3550,9-54N,167-07E,sunk
whale,,1943-01-27,1943,shoan_maru,passenger-cargo,5624,14-15N,153-43E,sunk
whale,,1944-01-16,1944,denmark_maru,cargo,5870,23-09N,135-14E,sunk
whale,,1943-03-23,1943,kenyo_maru,cargo,6486,17-16N,144-56E,sunk
whale,,1943-05-26,1943,shoei_maru,cargo,3580,14-17N,144-53E,sunk
whale,,1944-10-06,1944,akane_maru,tanker,10241,19-40N,118-05E,sunk
whale,,1944-01-17,1944,tarushima_maru,cargo,4865,22-45N,135-00E,Sunk
